Date;25 m
17/6/99;17,2
18/6/99;16,5
19/6/99;18,3
20/6/99;19,1
21/6/99;17,3
22/6/99;16,6
23/6/99;18,6
24/6/99;17,9
25/6/99;18,9
26/6/99;18,7
27/6/99;19,3
28/6/99;17,6
29/6/99;16,7
30/6/99;15,2
1/7/99;16,0
2/7/99;17,7
3/7/99;16,7
4/7/99;17,6
5/7/99;17,6
6/7/99;16,9
7/7/99;17,0
8/7/99;16,4
9/7/99;17,9
10/7/99;18,6
11/7/99;17,1
12/7/99;16,5
13/7/99;17,3
14/7/99;16,2
15/7/99;18,1
16/7/99;18,6
17/7/99;19,7
18/7/99;19,0
19/7/99;21,6
20/7/99;20,7
21/7/99;17,9
22/7/99;16,0
23/7/99;16,1
24/7/99;16,7
25/7/99;19,2
26/7/99;18,5
27/7/99;17,8
28/7/99;17,5
29/7/99;17,6
30/7/99;18,1
31/7/99;17,3
1/8/99;18,8
2/8/99;21,5
3/8/99;20,3
4/8/99;18,5
5/8/99;18,0
6/8/99;20,2
7/8/99;20,5
8/8/99;20,1
9/8/99;20,1
10/8/99;19,8
11/8/99;16,6
12/8/99;16,3
13/8/99;16,6
14/8/99;17,6
15/8/99;18,3
16/8/99;18,2
17/8/99;17,5
18/8/99;16,9
19/8/99;16,9
20/8/99;18,0
21/8/99;18,2
22/8/99;22,2
23/8/99;23,7
24/8/99;23,6
25/8/99;22,9
26/8/99;23,0
27/8/99;23,0
28/8/99;23,4
29/8/99;23,2
30/8/99;24,4
31/8/99;23,8
1/9/99;23,4
2/9/99;23,4
3/9/99;24,2
4/9/99;23,9
5/9/99;24,0
6/9/99;23,9
7/9/99;24,1
8/9/99;24,4
9/9/99;24,1
10/9/99;23,9
11/9/99;23,5
12/9/99;24,0
13/9/99;23,2
14/9/99;22,1
15/9/99;23,8
16/9/99;23,4
17/9/99;23,1
18/9/99;23,5
19/9/99;23,4
20/9/99;22,7
21/9/99;23,3
22/9/99;23,4
23/9/99;23,3
24/9/99;22,9
25/9/99;22,9
26/9/99;23,0
27/9/99;22,8
28/9/99;21,9
29/9/99;20,9
30/9/99;21,4
1/10/99;19,3
2/10/99;21,2
3/10/99;21,8
4/10/99;20,3
5/10/99;18,8
6/10/99;19,6
7/10/99;20,1
8/10/99;21,4
9/10/99;21,6
10/10/99;21,5
11/10/99;21,4
12/10/99;21,0
13/10/99;21,2
14/10/99;21,3
15/10/99;20,9
16/10/99;20,9
17/10/99;21,2
18/10/99;21,2
19/10/99;20,3
20/10/99;20,1
21/10/99;19,3
22/10/99;19,4
23/10/99;19,7
24/10/99;19,4
25/10/99;19,6
26/10/99;19,7
27/10/99;19,4
28/10/99;19,7
29/10/99;19,6
30/10/99;19,7
31/10/99;19,7
1/11/99;19,7
2/11/99;19,8
3/11/99;20,0
4/11/99;20,2
5/11/99;20,1
6/11/99;20,0
7/11/99;19,5
8/11/99;19,7
9/11/99;19,6
10/11/99;19,4
11/11/99;19,4
12/11/99;19,0
13/11/99;18,2
14/11/99;18,0
15/11/99;17,8
16/11/99;18,1
17/11/99;17,6
18/11/99;17,2
19/11/99;16,9
20/11/99;16,5
21/11/99;16,4
22/11/99;16,7
23/11/99;16,7
24/11/99;16,5
25/11/99;16,6
26/11/99;16,8
27/11/99;16,6
28/11/99;16,6
29/11/99;16,5
30/11/99;16,4
1/12/99;15,9
2/12/99;16,0
3/12/99;16,0
4/12/99;15,7
5/12/99;15,4
6/12/99;15,8
7/12/99;15,7
8/12/99;15,7
9/12/99;15,6
10/12/99;15,4
11/12/99;15,1
12/12/99;15,2
13/12/99;15,1
14/12/99;
15/12/99;
16/12/99;
17/12/99;
18/12/99;
19/12/99;
20/12/99;
21/12/99;
22/12/99;14,5
23/12/99;14,5
24/12/99;14,6
25/12/99;14,5
26/12/99;14,5
27/12/99;14,2
28/12/99;13,9
29/12/99;13,6
30/12/99;13,6
31/12/99;13,8
1/1/00;13,7
2/1/00;13,7
3/1/00;13,8
4/1/00;13,7
5/1/00;13,6
6/1/00;13,5
7/1/00;13,4
8/1/00;13,4
9/1/00;13,4
10/1/00;13,3
11/1/00;13,4
12/1/00;13,5
13/1/00;13,3
14/1/00;13,2
15/1/00;13,3
16/1/00;13,4
17/1/00;13,5
18/1/00;13,5
19/1/00;13,4
20/1/00;13,4
21/1/00;13,3
22/1/00;13,2
23/1/00;13,1
24/1/00;13,1
25/1/00;12,9
26/1/00;12,9
27/1/00;13,1
28/1/00;13,1
29/1/00;13,1
30/1/00;13,1
31/1/00;13,0
1/2/00;13,1
2/2/00;13,0
3/2/00;13,1
4/2/00;13,1
5/2/00;13,1
6/2/00;13,1
7/2/00;13,1
8/2/00;13,1
9/2/00;13,0
10/2/00;13,0
11/2/00;13,1
12/2/00;13,1
13/2/00;13,0
14/2/00;13,0
15/2/00;13,1
16/2/00;13,1
17/2/00;12,9
18/2/00;12,9
19/2/00;12,8
20/2/00;12,7
21/2/00;12,8
22/2/00;13,0
23/2/00;13,0
24/2/00;13,0
25/2/00;13,0
26/2/00;13,0
27/2/00;13,0
28/2/00;13,0
29/2/00;13,0
1/3/00;13,0
2/3/00;12,9
3/3/00;12,9
4/3/00;12,9
5/3/00;12,9
6/3/00;13,0
7/3/00;13,1
8/3/00;13,0
9/3/00;13,1
10/3/00;13,1
11/3/00;13,2
12/3/00;13,1
13/3/00;13,1
14/3/00;13,2
15/3/00;13,2
16/3/00;13,3
17/3/00;13,2
18/3/00;13,3
19/3/00;13,3
20/3/00;13,2
21/3/00;13,1
22/3/00;13,2
23/3/00;13,3
24/3/00;13,3
25/3/00;13,3
26/3/00;13,4
27/3/00;13,3
28/3/00;13,3
29/3/00;13,2
30/3/00;13,2
31/3/00;13,2
1/4/00;13,2
2/4/00;13,2
3/4/00;13,1
4/4/00;13,2
5/4/00;13,2
6/4/00;13,2
7/4/00;13,2
8/4/00;13,4
9/4/00;13,4
10/4/00;13,2
11/4/00;13,2
12/4/00;13,2
13/4/00;13,3
14/4/00;13,4
15/4/00;13,7
16/4/00;13,4
17/4/00;13,4
18/4/00;13,3
19/4/00;13,4
20/4/00;13,5
21/4/00;13,5
22/4/00;13,7
23/4/00;14,0
24/4/00;13,6
25/4/00;13,6
26/4/00;13,7
27/4/00;13,8
28/4/00;13,8
29/4/00;13,9
30/4/00;14,1
1/5/00;14,4
2/5/00;14,2
3/5/00;14,5
4/5/00;14,6
5/5/00;14,7
6/5/00;15,3
7/5/00;14,5
8/5/00;14,6
9/5/00;15,3
10/5/00;15,5
11/5/00;15,2
12/5/00;15,6
13/5/00;15,8
14/5/00;16,1
15/5/00;16,0
16/5/00;16,5
17/5/00;16,2
18/5/00;15,3
19/5/00;14,1
20/5/00;14,1
21/5/00;14,7
22/5/00;14,1
23/5/00;14,5
24/5/00;15,1
25/5/00;15,4
26/5/00;16,1
27/5/00;16,2
28/5/00;16,8
29/5/00;15,2
30/5/00;14,7
31/5/00;14,4
1/6/00;14,5
2/6/00;14,7
3/6/00;14,9
4/6/00;14,8
5/6/00;15,7
6/6/00;15,7
7/6/00;16,4
8/6/00;17,5
9/6/00;17,3
10/6/00;17,5
11/6/00;19,0
12/6/00;18,8
13/6/00;17,2
14/6/00;18,1
15/6/00;19,2
16/6/00;19,8
17/6/00;19,5
18/6/00;19,9
19/6/00;18,1
20/6/00;19,1
21/6/00;17,9
22/6/00;17,3
23/6/00;16,3
24/6/00;15,3
25/6/00;14,8
26/6/00;15,7
27/6/00;15,4
28/6/00;16,2
29/6/00;16,3
30/6/00;16,9
1/7/00;17,1
2/7/00;18,6
3/7/00;19,8
4/7/00;19,4
5/7/00;18,2
6/7/00;18,3
7/7/00;20,6
8/7/00;17,3
9/7/00;16,6
10/7/00;17,2
11/7/00;15,4
12/7/00;15,3
13/7/00;15,2
14/7/00;14,4
15/7/00;15,0
16/7/00;14,7
17/7/00;15,0
18/7/00;15,9
19/7/00;16,2
20/7/00;17,6
21/7/00;17,9
22/7/00;17,9
23/7/00;18,4
24/7/00;19,5
25/7/00;18,6
26/7/00;18,6
27/7/00;19,9
28/7/00;18,4
29/7/00;17,7
30/7/00;18,9
31/7/00;19,2
1/8/00;19,6
2/8/00;19,4
3/8/00;18,4
4/8/00;18,2
5/8/00;19,2
6/8/00;19,0
7/8/00;20,1
8/8/00;20,5
9/8/00;20,0
10/8/00;20,7
11/8/00;19,2
12/8/00;19,2
13/8/00;19,2
14/8/00;19,3
15/8/00;18,6
16/8/00;19,0
17/8/00;19,3
18/8/00;18,8
19/8/00;19,4
20/8/00;18,6
21/8/00;18,8
22/8/00;18,6
23/8/00;19,4
24/8/00;19,2
25/8/00;19,3
26/8/00;18,4
27/8/00;18,9
28/8/00;17,8
29/8/00;18,6
30/8/00;19,3
31/8/00;19,6
1/9/00;19,1
2/9/00;16,3
3/9/00;15,5
4/9/00;16,4
5/9/00;17,9
6/9/00;18,0
7/9/00;19,1
8/9/00;20,6
9/9/00;20,8
10/9/00;20,0
11/9/00;20,6
12/9/00;19,9
13/9/00;19,6
14/9/00;18,8
15/9/00;20,4
16/9/00;19,0
17/9/00;16,5
18/9/00;16,7
19/9/00;19,6
20/9/00;19,0
21/9/00;16,9
22/9/00;17,6
23/9/00;18,2
24/9/00;18,2
25/9/00;19,4
26/9/00;20,5
27/9/00;21,0
28/9/00;21,1
29/9/00;21,5
30/9/00;21,3
1/10/00;20,4
2/10/00;21,1
3/10/00;21,0
4/10/00;20,9
5/10/00;20,9
6/10/00;20,5
7/10/00;20,3
8/10/00;20,0
9/10/00;19,6
10/10/00;19,8
11/10/00;19,1
12/10/00;19,4
13/10/00;19,6
14/10/00;19,7
15/10/00;19,3
16/10/00;19,2
17/10/00;19,3
18/10/00;19,5
19/10/00;19,6
20/10/00;19,8
21/10/00;19,7
22/10/00;19,6
23/10/00;19,7
24/10/00;19,6
25/10/00;19,6
26/10/00;19,7
27/10/00;19,6
28/10/00;19,5
29/10/00;19,6
30/10/00;19,6
31/10/00;19,5
1/11/00;18,8
2/11/00;18,9
3/11/00;18,9
4/11/00;18,0
5/11/00;18,1
6/11/00;18,0
7/11/00;17,7
8/11/00;17,0
9/11/00;17,1
10/11/00;17,1
11/11/00;17,4
12/11/00;17,5
13/11/00;17,4
14/11/00;17,6
15/11/00;17,6
16/11/00;17,5
17/11/00;17,4
18/11/00;17,1
19/11/00;17,3
20/11/00;17,2
21/11/00;17,2
22/11/00;17,1
23/11/00;17,1
24/11/00;17,1
25/11/00;17,0
26/11/00;16,9
27/11/00;17,1
28/11/00;17,1
29/11/00;17,0
30/11/00;16,9
1/12/00;16,9
2/12/00;16,6
3/12/00;16,7
4/12/00;16,7
5/12/00;16,7
6/12/00;16,7
7/12/00;16,7
8/12/00;16,5
9/12/00;16,3
10/12/00;16,2
11/12/00;16,1
12/12/00;16,2
13/12/00;16,2
14/12/00;16,3
15/12/00;16,1
16/12/00;15,9
17/12/00;15,8
18/12/00;15,7
19/12/00;15,7
20/12/00;15,7
21/12/00;15,5
22/12/00;15,4
23/12/00;15,4
24/12/00;15,3
25/12/00;15,1
26/12/00;15,2
27/12/00;15,1
28/12/00;15,0
29/12/00;14,8
30/12/00;14,8
1/1/01;14,8
2/1/01;14,9
3/1/01;15,0
4/1/01;15,0
5/1/01;14,9
6/1/01;14,8
7/1/01;14,8
8/1/01;14,7
9/1/01;14,6
10/1/01;14,6
11/1/01;14,7
12/1/01;14,7
13/1/01;14,7
14/1/01;14,5
15/1/01;14,5
16/1/01;14,4
17/1/01;14,3
18/1/01;14,3
19/1/01;14,3
20/1/01;14,2
21/1/01;14,2
22/1/01;14,2
23/1/01;14,1
24/1/01;14,1
25/1/01;14,1
26/1/01;14,1
27/1/01;14,1
28/1/01;14,0
29/1/01;14,1
30/1/01;13,9
31/1/01;13,8
1/2/01;13,7
2/2/01;13,8
3/2/01;13,8
4/2/01;13,8
5/2/01;13,9
6/2/01;13,8
7/2/01;13,9
8/2/01;13,8
9/2/01;13,8
10/2/01;13,7
11/2/01;13,7
12/2/01;13,8
13/2/01;13,9
14/2/01;13,9
15/2/01;13,8
16/2/01;13,9
17/2/01;13,8
18/2/01;
19/2/01;
20/2/01;
21/2/01;
22/2/01;
23/2/01;
24/2/01;
25/2/01;
26/2/01;
27/2/01;
28/2/01;
1/3/01;
2/3/01;
3/3/01;
4/3/01;
5/3/01;
6/3/01;
7/3/01;
8/3/01;
9/3/01;
10/3/01;
11/3/01;
12/3/01;
13/3/01;
14/3/01;
15/3/01;
16/3/01;
17/3/01;
18/3/01;
19/3/01;
20/3/01;
21/3/01;
22/3/01;
23/3/01;
24/3/01;
25/3/01;
26/3/01;
27/3/01;
28/3/01;
29/3/01;
30/3/01;
31/3/01;
1/4/01;
2/4/01;
3/4/01;
4/4/01;
5/4/01;
6/4/01;
7/4/01;
8/4/01;
9/4/01;
10/4/01;
11/4/01;
12/4/01;
13/4/01;
14/4/01;
15/4/01;
16/4/01;
17/4/01;
18/4/01;
19/4/01;
20/4/01;
21/4/01;
22/4/01;
23/4/01;
24/4/01;
25/4/01;
26/4/01;
27/4/01;
28/4/01;
29/4/01;
30/4/01;
1/5/01;
2/5/01;
3/5/01;
4/5/01;
5/5/01;
6/5/01;
7/5/01;
8/5/01;
9/5/01;
10/5/01;
11/5/01;
12/5/01;
13/5/01;
14/5/01;
15/5/01;
16/5/01;
17/5/01;
18/5/01;
19/5/01;
20/5/01;
21/5/01;
22/5/01;
23/5/01;
24/5/01;
25/5/01;
26/5/01;
27/5/01;
28/5/01;
29/5/01;
30/5/01;
31/5/01;
1/6/01;
2/6/01;
3/6/01;
4/6/01;
5/6/01;
6/6/01;
7/6/01;
8/6/01;
9/6/01;
10/6/01;
11/6/01;
12/6/01;
13/6/01;
14/6/01;
15/6/01;
16/6/01;
17/6/01;
18/6/01;
19/6/01;
20/6/01;
21/6/01;
22/6/01;
23/6/01;
24/6/01;
25/6/01;
26/6/01;
27/6/01;
28/6/01;
29/6/01;
30/6/01;
1/7/01;
2/7/01;
3/7/01;
4/7/01;
5/7/01;
6/7/01;
7/7/01;
8/7/01;
9/7/01;
10/7/01;
11/7/01;
12/7/01;
13/7/01;
14/7/01;
15/7/01;
16/7/01;
17/7/01;
18/7/01;
19/7/01;
20/7/01;
21/7/01;
22/7/01;
23/7/01;
24/7/01;
25/7/01;
26/7/01;
27/7/01;
28/7/01;
29/7/01;
30/7/01;
31/7/01;
1/8/01;
2/8/01;
3/8/01;
4/8/01;
5/8/01;
6/8/01;
7/8/01;
8/8/01;
9/8/01;
10/8/01;
11/8/01;
12/8/01;
13/8/01;
14/8/01;
15/8/01;
16/8/01;
17/8/01;
18/8/01;
19/8/01;
20/8/01;
21/8/01;
22/8/01;
23/8/01;
24/8/01;
25/8/01;
26/8/01;
27/8/01;
28/8/01;
29/8/01;
30/8/01;
31/8/01;
1/9/01;
2/9/01;
3/9/01;
4/9/01;
5/9/01;
6/9/01;
7/9/01;
8/9/01;
9/9/01;
10/9/01;
11/9/01;
12/9/01;
13/9/01;
14/9/01;
15/9/01;
16/9/01;
17/9/01;
18/9/01;
19/9/01;
20/9/01;
21/9/01;
22/9/01;
23/9/01;
24/9/01;
25/9/01;
26/9/01;
27/9/01;
28/9/01;
29/9/01;
30/9/01;
1/10/01;
2/10/01;
3/10/01;
4/10/01;
5/10/01;
6/10/01;
7/10/01;
8/10/01;
9/10/01;
10/10/01;
11/10/01;
12/10/01;
13/10/01;
14/10/01;
15/10/01;
16/10/01;
17/10/01;
18/10/01;
19/10/01;
20/10/01;
21/10/01;
22/10/01;
23/10/01;
24/10/01;
25/10/01;
26/10/01;
27/10/01;
28/10/01;
29/10/01;
30/10/01;
31/10/01;
1/11/01;
2/11/01;
3/11/01;
4/11/01;
5/11/01;
6/11/01;
7/11/01;
8/11/01;
9/11/01;
10/11/01;
11/11/01;
12/11/01;
13/11/01;
14/11/01;
15/11/01;
16/11/01;
17/11/01;
18/11/01;
19/11/01;
20/11/01;
21/11/01;
22/11/01;
23/11/01;
24/11/01;
25/11/01;
26/11/01;
27/11/01;
28/11/01;
29/11/01;
30/11/01;
1/12/01;
2/12/01;
3/12/01;
4/12/01;
5/12/01;
6/12/01;
7/12/01;
8/12/01;
9/12/01;
10/12/01;
11/12/01;
12/12/01;
13/12/01;
14/12/01;
15/12/01;
16/12/01;
17/12/01;
18/12/01;
19/12/01;
20/12/01;
21/12/01;
22/12/01;
23/12/01;
24/12/01;
25/12/01;
26/12/01;
27/12/01;
28/12/01;
29/12/01;
30/12/01;
31/12/01;
1/1/02;
2/1/02;
3/1/02;
4/1/02;
5/1/02;
6/1/02;
7/1/02;
8/1/02;
9/1/02;
10/1/02;
11/1/02;
12/1/02;
13/1/02;
14/1/02;
15/1/02;
16/1/02;
17/1/02;
18/1/02;
19/1/02;
20/1/02;
21/1/02;
22/1/02;
23/1/02;
24/1/02;
25/1/02;
26/1/02;
27/1/02;
28/1/02;
29/1/02;
30/1/02;
31/1/02;
1/2/02;
2/2/02;
3/2/02;
4/2/02;
5/2/02;
6/2/02;
7/2/02;13,5
8/2/02;13,5
9/2/02;13,5
10/2/02;13,4
11/2/02;13,4
12/2/02;13,4
13/2/02;13,4
14/2/02;13,4
15/2/02;13,4
16/2/02;13,4
17/2/02;13,4
18/2/02;13,3
19/2/02;13,3
20/2/02;13,3
21/2/02;13,1
22/2/02;13,2
23/2/02;13,2
24/2/02;13,2
25/2/02;13,2
26/2/02;13,3
27/2/02;13,3
28/2/02;13,3
1/3/02;13,3
2/3/02;13,3
3/3/02;13,2
4/3/02;13,3
5/3/02;13,3
6/3/02;13,2
7/3/02;13,3
8/3/02;13,4
9/3/02;13,4
10/3/02;13,4
11/3/02;13,5
12/3/02;13,6
13/3/02;13,7
14/3/02;13,6
15/3/02;13,5
16/3/02;13,5
17/3/02;13,7
18/3/02;13,6
19/3/02;13,6
20/3/02;13,6
21/3/02;13,7
22/3/02;13,7
23/3/02;13,7
24/3/02;13,6
25/3/02;13,6
26/3/02;13,6
27/3/02;13,7
28/3/02;13,7
29/3/02;13,7
30/3/02;13,6
31/3/02;13,6
1/4/02;13,7
2/4/02;13,7
3/4/02;13,7
4/4/02;13,6
5/4/02;13,6
6/4/02;13,7
7/4/02;13,8
8/4/02;13,7
9/4/02;13,7
10/4/02;13,7
11/4/02;13,7
12/4/02;13,7
13/4/02;13,7
14/4/02;13,7
15/4/02;13,7
16/4/02;13,7
17/4/02;13,9
18/4/02;13,9
19/4/02;13,8
20/4/02;13,9
21/4/02;13,9
22/4/02;14,1
23/4/02;14,0
24/4/02;14,1
25/4/02;14,2
26/4/02;14,1
27/4/02;14,1
28/4/02;14,4
29/4/02;14,2
30/4/02;14,2
1/5/02;14,3
2/5/02;14,3
3/5/02;14,4
4/5/02;14,3
5/5/02;14,0
6/5/02;14,7
7/5/02;15,3
8/5/02;14,9
9/5/02;15,2
10/5/02;15,7
11/5/02;15,7
12/5/02;15,8
13/5/02;15,6
14/5/02;15,5
15/5/02;15,7
16/5/02;15,6
17/5/02;15,7
18/5/02;16,5
19/5/02;15,9
20/5/02;15,9
21/5/02;15,0
22/5/02;15,5
23/5/02;15,9
24/5/02;16,1
25/5/02;16,3
26/5/02;16,0
27/5/02;15,4
28/5/02;14,6
29/5/02;14,6
30/5/02;14,6
31/5/02;14,8
1/6/02;15,1
2/6/02;15,9
3/6/02;16,1
4/6/02;15,8
5/6/02;16,7
6/6/02;16,0
7/6/02;15,5
8/6/02;16,0
9/6/02;16,3
10/6/02;15,8
11/6/02;15,9
12/6/02;16,4
13/6/02;16,5
14/6/02;16,3
15/6/02;16,7
16/6/02;17,4
17/6/02;16,9
18/6/02;16,6
19/6/02;16,9
20/6/02;17,2
21/6/02;16,7
22/6/02;17,3
23/6/02;17,6
24/6/02;17,3
25/6/02;16,9
26/6/02;16,9
27/6/02;17,2
28/6/02;16,8
29/6/02;16,0
30/6/02;16,8
1/7/02;17,4
2/7/02;16,9
3/7/02;16,3
4/7/02;16,2
5/7/02;16,2
6/7/02;16,2
7/7/02;17,1
8/7/02;17,4
9/7/02;16,7
10/7/02;16,8
11/7/02;16,3
12/7/02;16,2
13/7/02;15,8
14/7/02;16,2
15/7/02;16,6
16/7/02;17,1
17/7/02;17,7
18/7/02;17,7
19/7/02;18,3
20/7/02;18,0
21/7/02;17,9
22/7/02;17,8
23/7/02;18,1
24/7/02;17,1
25/7/02;16,9
26/7/02;16,6
27/7/02;17,8
28/7/02;17,6
29/7/02;17,7
30/7/02;17,8
31/7/02;17,4
1/8/02;16,9
2/8/02;17,6
3/8/02;17,4
4/8/02;17,6
5/8/02;17,1
6/8/02;16,7
7/8/02;17,0
8/8/02;16,4
9/8/02;15,7
10/8/02;15,7
11/8/02;16,0
12/8/02;15,7
13/8/02;15,7
14/8/02;16,2
15/8/02;16,8
16/8/02;17,2
17/8/02;17,8
18/8/02;17,9
19/8/02;18,3
20/8/02;18,2
21/8/02;17,5
22/8/02;17,0
23/8/02;17,1
24/8/02;18,3
25/8/02;20,8
26/8/02;21,0
27/8/02;19,8
28/8/02;20,3
29/8/02;19,7
30/8/02;17,8
31/8/02;20,5
1/9/02;20,1
2/9/02;22,3
3/9/02;20,7
4/9/02;21,7
5/9/02;21,3
6/9/02;21,0
7/9/02;21,1
8/9/02;20,1
9/9/02;21,2
10/9/02;20,3
11/9/02;20,1
12/9/02;21,7
13/9/02;21,9
14/9/02;21,6
15/9/02;22,3
16/9/02;21,9
17/9/02;21,6
18/9/02;21,7
19/9/02;21,9
20/9/02;22,3
21/9/02;22,0
22/9/02;20,8
23/9/02;19,6
24/9/02;19,4
25/9/02;20,8
26/9/02;20,8
27/9/02;20,5
28/9/02;20,4
29/9/02;20,9
30/9/02;20,9
1/10/02;20,8
2/10/02;20,7
3/10/02;21,2
4/10/02;21,2
5/10/02;21,1
6/10/02;20,9
7/10/02;21,3
8/10/02;21,0
9/10/02;20,9
10/10/02;20,2
11/10/02;20,3
12/10/02;20,2
13/10/02;20,2
14/10/02;20,5
15/10/02;20,3
16/10/02;20,5
17/10/02;20,2
18/10/02;19,2
19/10/02;19,0
20/10/02;18,3
21/10/02;19,3
22/10/02;17,3
23/10/02;16,3
24/10/02;16,0
25/10/02;17,9
26/10/02;18,1
27/10/02;18,1
28/10/02;17,9
29/10/02;18,9
30/10/02;18,8
31/10/02;18,9
1/11/02;18,9
2/11/02;19,0
3/11/02;18,2
4/11/02;17,8
5/11/02;18,3
6/11/02;18,0
7/11/02;17,9
8/11/02;18,1
9/11/02;17,7
10/11/02;17,4
11/11/02;17,6
12/11/02;17,6
13/11/02;17,6
14/11/02;17,5
15/11/02;17,6
16/11/02;17,7
17/11/02;17,5
18/11/02;17,4
19/11/02;17,3
20/11/02;17,5
21/11/02;17,5
22/11/02;17,3
23/11/02;17,4
24/11/02;17,4
25/11/02;17,4
26/11/02;17,4
27/11/02;17,4
28/11/02;17,3
29/11/02;17,3
30/11/02;17,2
1/12/02;17,1
2/12/02;16,9
3/12/02;17,1
4/12/02;17,0
5/12/02;17,0
6/12/02;16,9
7/12/02;16,7
8/12/02;16,8
9/12/02;16,7
10/12/02;16,2
11/12/02;15,5
12/12/02;15,5
13/12/02;15,5
14/12/02;15,5
15/12/02;15,5
16/12/02;15,4
17/12/02;15,3
18/12/02;15,4
19/12/02;15,4
20/12/02;15,6
21/12/02;15,7
22/12/02;15,5
23/12/02;15,5
24/12/02;15,5
25/12/02;15,6
26/12/02;15,6
27/12/02;15,6
28/12/02;15,5
29/12/02;15,5
30/12/02;15,5
31/12/02;15,5
1/1/03;15,5
2/1/03;15,4
3/1/03;15,4
4/1/03;15,3
5/1/03;15,0
6/1/03;14,9
7/1/03;14,8
8/1/03;14,7
9/1/03;14,7
10/1/03;14,7
11/1/03;14,6
12/1/03;14,6
13/1/03;14,5
14/1/03;14,6
15/1/03;14,6
16/1/03;14,4
17/1/03;14,3
18/1/03;14,3
19/1/03;14,4
20/1/03;14,2
21/1/03;14,1
22/1/03;14,1
23/1/03;14,1
24/1/03;14,0
25/1/03;13,9
26/1/03;13,9
27/1/03;13,9
28/1/03;13,9
29/1/03;13,7
30/1/03;13,7
31/1/03;13,7
1/2/03;13,5
2/2/03;13,5
3/2/03;13,5
4/2/03;13,4
5/2/03;13,3
6/2/03;13,3
7/2/03;13,3
8/2/03;13,4
9/2/03;13,4
10/2/03;13,4
11/2/03;13,3
12/2/03;13,3
13/2/03;13,3
14/2/03;13,2
15/2/03;13,3
16/2/03;13,3
17/2/03;13,1
18/2/03;13,0
19/2/03;13,1
20/2/03;13,1
21/2/03;13,2
22/2/03;13,1
23/2/03;13,1
24/2/03;13,0
25/2/03;13,0
26/2/03;13,0
27/2/03;13,0
28/2/03;13,1
1/3/03;13,1
2/3/03;13,1
3/3/03;13,0
4/3/03;13,1
5/3/03;13,1
6/3/03;13,2
7/3/03;13,1
8/3/03;13,2
9/3/03;13,2
10/3/03;13,3
11/3/03;13,2
12/3/03;13,2
13/3/03;13,2
14/3/03;13,3
15/3/03;13,2
16/3/03;13,2
17/3/03;13,2
18/3/03;13,2
19/3/03;13,2
20/3/03;13,2
21/3/03;13,3
22/3/03;13,3
23/3/03;13,3
24/3/03;13,3
25/3/03;13,3
26/3/03;13,3
27/3/03;13,5
28/3/03;13,6
29/3/03;13,7
30/3/03;13,6
31/3/03;13,7
1/4/03;13,6
2/4/03;13,6
3/4/03;13,5
4/4/03;13,5
5/4/03;13,5
6/4/03;13,5
7/4/03;13,5
8/4/03;13,5
9/4/03;13,3
10/4/03;13,3
11/4/03;13,3
12/4/03;13,4
13/4/03;13,4
14/4/03;13,5
15/4/03;13,5
16/4/03;13,5
17/4/03;13,5
18/4/03;13,5
19/4/03;13,6
20/4/03;13,8
21/4/03;13,6
22/4/03;13,7
23/4/03;13,8
24/4/03;13,6
25/4/03;13,6
26/4/03;14,0
27/4/03;14,0
28/4/03;14,1
29/4/03;14,6
30/4/03;14,8
1/5/03;14,4
2/5/03;15,0
3/5/03;14,9
4/5/03;15,3
5/5/03;15,7
6/5/03;15,9
7/5/03;16,1
8/5/03;16,1
9/5/03;16,3
10/5/03;16,1
11/5/03;16,2
12/5/03;16,3
13/5/03;15,9
14/5/03;15,4
15/5/03;15,7
16/5/03;16,0
17/5/03;15,1
18/5/03;15,5
19/5/03;15,6
20/5/03;14,3
21/5/03;15,0
22/5/03;15,1
23/5/03;14,5
24/5/03;15,0
25/5/03;14,8
26/5/03;16,5
27/5/03;16,3
28/5/03;16,2
29/5/03;16,9
30/5/03;16,9
31/5/03;16,9
1/6/03;17,3
2/6/03;16,7
3/6/03;16,6
4/6/03;16,0
5/6/03;16,5
6/6/03;16,3
7/6/03;16,2
8/6/03;16,7
9/6/03;16,7
10/6/03;16,1
11/6/03;15,8
12/6/03;15,6
13/6/03;15,5
14/6/03;15,3
15/6/03;15,4
16/6/03;15,6
17/6/03;15,7
18/6/03;15,1
19/6/03;15,1
20/6/03;15,5
21/6/03;15,0
22/6/03;15,2
23/6/03;15,7
24/6/03;15,7
25/6/03;15,8
26/6/03;16,2
27/6/03;15,6
28/6/03;16,2
29/6/03;16,0
30/6/03;16,5
1/7/03;16,7
2/7/03;15,9
3/7/03;15,2
4/7/03;14,8
5/7/03;14,8
6/7/03;14,5
7/7/03;14,7
8/7/03;15,1
9/7/03;15,1
10/7/03;15,6
11/7/03;16,4
12/7/03;17,5
13/7/03;17,4
14/7/03;16,5
15/7/03;16,7
16/7/03;16,7
17/7/03;16,5
18/7/03;16,8
19/7/03;15,9
20/7/03;16,0
21/7/03;15,9
22/7/03;15,9
23/7/03;16,3
24/7/03;16,1
25/7/03;15,6
26/7/03;16,4
27/7/03;17,5
28/7/03;16,6
29/7/03;15,6
30/7/03;16,3
31/7/03;15,9
1/8/03;16,4
2/8/03;17,8
3/8/03;18,6
4/8/03;18,9
5/8/03;19,1
6/8/03;18,8
7/8/03;18,5
8/8/03;19,2
9/8/03;18,4
10/8/03;17,4
11/8/03;17,7
12/8/03;17,5
13/8/03;17,5
14/8/03;17,3
15/8/03;17,2
16/8/03;17,7
17/8/03;18,0
18/8/03;17,9
19/8/03;18,1
20/8/03;17,8
21/8/03;18,0
22/8/03;17,4
23/8/03;18,7
24/8/03;17,3
25/8/03;18,2
26/8/03;18,3
27/8/03;18,1
28/8/03;18,1
29/8/03;17,8
30/8/03;16,7
31/8/03;15,4
1/9/03;15,1
2/9/03;15,1
3/9/03;15,3
4/9/03;16,7
5/9/03;19,6
6/9/03;21,1
7/9/03;22,0
8/9/03;21,7
9/9/03;20,5
10/9/03;21,1
11/9/03;20,0
12/9/03;19,5
13/9/03;20,8
14/9/03;22,0
15/9/03;21,8
16/9/03;22,2
17/9/03;22,2
18/9/03;22,0
19/9/03;21,8
20/9/03;21,4
21/9/03;21,5
22/9/03;21,7
23/9/03;21,6
24/9/03;20,4
25/9/03;22,2
26/9/03;22,1
27/9/03;22,0
28/9/03;22,2
29/9/03;21,7
30/9/03;21,4
1/10/03;21,7
2/10/03;21,7
3/10/03;21,9
4/10/03;21,7
5/10/03;17,0
6/10/03;16,3
7/10/03;15,9
8/10/03;15,5
9/10/03;16,2
10/10/03;16,1
11/10/03;15,9
12/10/03;15,9
13/10/03;17,1
14/10/03;17,7
15/10/03;19,4
16/10/03;18,3
17/10/03;18,0
18/10/03;17,7
19/10/03;18,1
20/10/03;18,4
21/10/03;17,6
22/10/03;17,7
23/10/03;17,7
24/10/03;17,5
25/10/03;17,2
26/10/03;17,1
27/10/03;16,9
28/10/03;16,9
29/10/03;17,1
30/10/03;17,2
31/10/03;17,3
1/11/03;17,1
2/11/03;17,0
3/11/03;17,0
4/11/03;16,8
5/11/03;16,9
6/11/03;16,8
7/11/03;17,1
8/11/03;16,8
9/11/03;16,7
10/11/03;16,6
11/11/03;16,3
12/11/03;16,6
13/11/03;16,5
14/11/03;16,5
15/11/03;16,5
16/11/03;16,5
17/11/03;16,5
18/11/03;
19/11/03;
20/11/03;
21/11/03;
22/11/03;
23/11/03;
24/11/03;
25/11/03;
26/11/03;
27/11/03;
28/11/03;
29/11/03;
30/11/03;
1/12/03;
2/12/03;
3/12/03;
4/12/03;
5/12/03;
6/12/03;
7/12/03;
8/12/03;
9/12/03;
10/12/03;
11/12/03;
12/12/03;
13/12/03;
14/12/03;
15/12/03;
16/12/03;
17/12/03;
18/12/03;
19/12/03;
20/12/03;
21/12/03;
22/12/03;
23/12/03;
24/12/03;
25/12/03;
26/12/03;
27/12/03;
28/12/03;
29/12/03;
30/12/03;
31/12/03;
1/1/04;
2/1/04;
3/1/04;
4/1/04;
5/1/04;
6/1/04;
7/1/04;
8/1/04;
9/1/04;
10/1/04;
11/1/04;
12/1/04;
13/1/04;
14/1/04;
15/1/04;
16/1/04;
17/1/04;
18/1/04;
19/1/04;
20/1/04;
21/1/04;
22/1/04;
23/1/04;
24/1/04;
25/1/04;
26/1/04;
27/1/04;
28/1/04;
29/1/04;
30/1/04;
31/1/04;
1/2/04;
2/2/04;
3/2/04;
4/2/04;
5/2/04;
6/2/04;
7/2/04;
8/2/04;
9/2/04;
10/2/04;
11/2/04;
12/2/04;
13/2/04;
14/2/04;
15/2/04;
16/2/04;
17/2/04;
18/2/04;
19/2/04;
20/2/04;
21/2/04;
22/2/04;
23/2/04;
24/2/04;
25/2/04;
26/2/04;
27/2/04;
28/2/04;
29/2/04;
1/3/04;
2/3/04;
3/3/04;
4/3/04;
5/3/04;
6/3/04;
7/3/04;
8/3/04;
9/3/04;
10/3/04;
11/3/04;
12/3/04;
13/3/04;
14/3/04;
15/3/04;
16/3/04;
17/3/04;
18/3/04;
19/3/04;
20/3/04;
21/3/04;
22/3/04;
23/3/04;
24/3/04;
25/3/04;
26/3/04;
27/3/04;
28/3/04;
29/3/04;
30/3/04;
31/3/04;
1/4/04;
2/4/04;
3/4/04;
4/4/04;
5/4/04;
6/4/04;
7/4/04;
8/4/04;
9/4/04;
10/4/04;
11/4/04;
12/4/04;
13/4/04;
14/4/04;
15/4/04;
16/4/04;
17/4/04;
18/4/04;
19/4/04;
20/4/04;
21/4/04;
22/4/04;
23/4/04;
24/4/04;
25/4/04;
26/4/04;
27/4/04;
28/4/04;
29/4/04;
30/4/04;
1/5/04;
2/5/04;
3/5/04;
4/5/04;
5/5/04;
6/5/04;
7/5/04;
8/5/04;
9/5/04;
10/5/04;
11/5/04;
12/5/04;
13/5/04;
14/5/04;
15/5/04;
16/5/04;
17/5/04;
18/5/04;
19/5/04;
20/5/04;
21/5/04;
22/5/04;
23/5/04;
24/5/04;
25/5/04;
26/5/04;
27/5/04;
28/5/04;
29/5/04;
30/5/04;
31/5/04;
1/6/04;
2/6/04;
3/6/04;
4/6/04;
5/6/04;
6/6/04;
7/6/04;
8/6/04;
9/6/04;
10/6/04;
11/6/04;
12/6/04;
13/6/04;
14/6/04;
15/6/04;
16/6/04;
17/6/04;
18/6/04;
19/6/04;
20/6/04;
21/6/04;
22/6/04;14,8
23/6/04;15,0
24/6/04;14,7
25/6/04;14,3
26/6/04;14,0
27/6/04;14,5
28/6/04;15,1
29/6/04;16,4
30/6/04;17,0
1/7/04;17,0
2/7/04;16,4
3/7/04;15,3
4/7/04;15,0
5/7/04;15,6
6/7/04;15,8
7/7/04;16,4
8/7/04;17,4
9/7/04;16,0
10/7/04;14,9
11/7/04;14,4
12/7/04;14,1
13/7/04;13,7
14/7/04;15,1
15/7/04;15,5
16/7/04;15,8
17/7/04;16,1
18/7/04;16,2
19/7/04;16,5
20/7/04;16,6
21/7/04;16,6
22/7/04;18,1
23/7/04;16,8
24/7/04;16,3
25/7/04;16,0
26/7/04;15,9
27/7/04;16,5
28/7/04;17,9
29/7/04;18,0
30/7/04;17,7
31/7/04;17,1
1/8/04;16,5
2/8/04;15,9
3/8/04;16,2
4/8/04;16,2
5/8/04;16,4
6/8/04;16,4
7/8/04;16,6
8/8/04;16,6
9/8/04;18,7
10/8/04;19,7
11/8/04;19,6
12/8/04;19,1
13/8/04;18,3
14/8/04;15,1
15/8/04;14,8
16/8/04;14,7
17/8/04;16,2
18/8/04;17,9
19/8/04;17,6
20/8/04;17,9
21/8/04;16,5
22/8/04;16,1
23/8/04;15,8
24/8/04;16,9
25/8/04;17,7
26/8/04;17,0
27/8/04;15,3
28/8/04;15,8
29/8/04;17,3
30/8/04;17,9
31/8/04;16,9
1/9/04;16,5
2/9/04;18,7
3/9/04;18,1
4/9/04;19,1
5/9/04;19,9
6/9/04;20,1
7/9/04;20,4
8/9/04;22,1
9/9/04;21,7
10/9/04;21,1
11/9/04;19,1
12/9/04;19,0
13/9/04;17,4
14/9/04;19,1
15/9/04;19,4
16/9/04;17,2
17/9/04;19,2
18/9/04;19,1
19/9/04;19,8
20/9/04;20,5
21/9/04;20,3
22/9/04;19,4
23/9/04;19,5
24/9/04;19,9
25/9/04;18,6
26/9/04;20,2
27/9/04;19,4
28/9/04;20,1
29/9/04;19,5
30/9/04;19,5
1/10/04;18,9
2/10/04;17,6
3/10/04;17,5
4/10/04;20,4
5/10/04;19,4
6/10/04;19,5
7/10/04;20,7
8/10/04;20,6
9/10/04;20,7
10/10/04;21,2
11/10/04;21,3
12/10/04;21,4
13/10/04;21,1
14/10/04;20,9
15/10/04;20,5
16/10/04;20,7
17/10/04;20,2
18/10/04;17,1
19/10/04;18,1
20/10/04;17,7
21/10/04;19,3
22/10/04;18,6
23/10/04;18,7
24/10/04;18,9
25/10/04;18,5
26/10/04;18,8
27/10/04;18,8
28/10/04;19,0
29/10/04;19,1
30/10/04;19,1
31/10/04;19,4
1/11/04;19,0
2/11/04;19,2
3/11/04;19,1
4/11/04;19,1
5/11/04;19,2
6/11/04;19,0
7/11/04;19,4
8/11/04;19,1
9/11/04;19,2
10/11/04;18,9
11/11/04;18,8
12/11/04;18,8
13/11/04;18,7
14/11/04;18,6
15/11/04;18,4
16/11/04;18,0
17/11/04;17,9
18/11/04;17,6
19/11/04;17,6
20/11/04;17,1
21/11/04;16,7
22/11/04;16,6
23/11/04;16,8
24/11/04;17,1
25/11/04;17,2
26/11/04;17,0
27/11/04;17,1
28/11/04;17,0
29/11/04;16,9
30/11/04;16,7
1/12/04;16,9
2/12/04;16,7
3/12/04;16,8
4/12/04;16,6
5/12/04;16,6
6/12/04;16,5
7/12/04;16,4
8/12/04;16,4
9/12/04;15,8
10/12/04;15,8
11/12/04;15,9
12/12/04;15,9
13/12/04;15,8
14/12/04;15,9
15/12/04;15,9
16/12/04;15,9
17/12/04;15,9
18/12/04;15,7
19/12/04;15,6
20/12/04;15,6
21/12/04;15,4
22/12/04;15,4
23/12/04;15,4
24/12/04;15,4
25/12/04;15,5
26/12/04;15,3
27/12/04;15,3
28/12/04;15,1
29/12/04;15,1
30/12/04;15,1
1/1/05;15,2
2/1/05;15,3
3/1/05;15,1
4/1/05;15,0
5/1/05;15,0
6/1/05;14,9
7/1/05;14,8
8/1/05;14,7
9/1/05;14,7
10/1/05;14,8
11/1/05;14,7
12/1/05;14,7
13/1/05;14,7
14/1/05;14,5
15/1/05;14,5
16/1/05;14,5
17/1/05;14,5
18/1/05;14,5
19/1/05;14,3
20/1/05;14,2
21/1/05;14,2
22/1/05;14,2
23/1/05;14,1
24/1/05;14,0
25/1/05;13,8
26/1/05;13,8
27/1/05;13,9
28/1/05;13,8
29/1/05;13,7
30/1/05;13,6
31/1/05;13,6
1/2/05;13,6
2/2/05;13,6
3/2/05;13,6
4/2/05;13,6
5/2/05;13,6
6/2/05;13,5
7/2/05;13,4
8/2/05;13,4
9/2/05;13,4
10/2/05;13,3
11/2/05;13,3
12/2/05;13,3
13/2/05;13,2
14/2/05;13,1
15/2/05;13,1
16/2/05;13,1
17/2/05;13,1
18/2/05;13,1
19/2/05;13,1
20/2/05;13,1
21/2/05;13,0
22/2/05;13,0
23/2/05;13,0
24/2/05;12,9
25/2/05;12,8
26/2/05;12,8
27/2/05;12,8
28/2/05;12,8
1/3/05;12,6
2/3/05;12,8
3/3/05;12,8
4/3/05;12,8
5/3/05;12,7
6/3/05;12,7
7/3/05;12,8
8/3/05;12,8
9/3/05;12,8
10/3/05;12,9
11/3/05;12,9
12/3/05;12,8
13/3/05;12,8
14/3/05;12,8
15/3/05;12,8
16/3/05;12,8
17/3/05;12,9
18/3/05;13,0
19/3/05;13,0
20/3/05;12,9
21/3/05;13,0
22/3/05;13,0
23/3/05;12,9
24/3/05;12,9
25/3/05;13,0
26/3/05;13,1
27/3/05;13,2
28/3/05;13,5
29/3/05;13,1
30/3/05;13,0
31/3/05;13,1
1/4/05;13,1
2/4/05;13,3
3/4/05;13,5
4/4/05;13,5
5/4/05;13,6
6/4/05;13,6
7/4/05;13,7
8/4/05;13,8
9/4/05;13,8
10/4/05;13,5
11/4/05;13,6
12/4/05;13,6
13/4/05;13,4
14/4/05;13,3
15/4/05;13,4
16/4/05;13,6
17/4/05;13,6
18/4/05;13,5
19/4/05;13,5
20/4/05;13,6
21/4/05;13,4
22/4/05;13,6
23/4/05;13,5
24/4/05;13,4
25/4/05;13,7
26/4/05;13,8
27/4/05;13,6
28/4/05;13,6
29/4/05;13,7
30/4/05;13,9
1/5/05;14,0
2/5/05;14,0
3/5/05;13,9
4/5/05;14,1
5/5/05;13,9
6/5/05;13,9
7/5/05;14,1
8/5/05;14,2
9/5/05;14,3
10/5/05;14,3
11/5/05;14,4
12/5/05;14,3
13/5/05;14,6
14/5/05;14,7
15/5/05;14,7
16/5/05;14,8
17/5/05;15,5
18/5/05;15,8
19/5/05;15,4
20/5/05;16,6
21/5/05;17,0
22/5/05;15,9
23/5/05;16,9
24/5/05;16,3
25/5/05;16,0
26/5/05;15,6
27/5/05;15,7
28/5/05;15,2
29/5/05;14,6
30/5/05;14,7
31/5/05;14,4
1/6/05;14,6
2/6/05;15,8
3/6/05;16,8
4/6/05;16,2
5/6/05;16,4
6/6/05;16,6
7/6/05;16,4
8/6/05;18,0
9/6/05;18,7
10/6/05;18,6
11/6/05;17,6
12/6/05;17,3
13/6/05;16,7
14/6/05;17,6
15/6/05;16,5
16/6/05;17,4
17/6/05;18,0
18/6/05;17,6
19/6/05;16,9
20/6/05;17,4
21/6/05;18,2
22/6/05;17,8
23/6/05;17,2
24/6/05;16,5
25/6/05;16,6
26/6/05;16,4
27/6/05;17,6
28/6/05;17,6
29/6/05;17,8
30/6/05;17,8
1/7/05;15,3
2/7/05;15,8
3/7/05;17,2
4/7/05;17,0
5/7/05;16,3
6/7/05;15,9
7/7/05;14,8
8/7/05;14,5
9/7/05;15,2
10/7/05;16,1
11/7/05;17,6
12/7/05;16,9
13/7/05;16,1
14/7/05;16,6
15/7/05;16,5
16/7/05;16,1
17/7/05;16,0
18/7/05;15,8
19/7/05;15,3
20/7/05;15,9
21/7/05;15,6
22/7/05;16,1
23/7/05;16,6
24/7/05;17,2
25/7/05;17,0
26/7/05;17,7
27/7/05;18,8
28/7/05;18,6
29/7/05;19,4
30/7/05;17,8
31/7/05;17,0
1/8/05;15,4
2/8/05;17,0
3/8/05;17,1
4/8/05;17,1
5/8/05;17,5
6/8/05;18,6
7/8/05;18,6
8/8/05;18,6
9/8/05;18,4
10/8/05;19,9
11/8/05;19,0
12/8/05;20,6
13/8/05;21,4
14/8/05;22,9
15/8/05;19,2
16/8/05;21,0
17/8/05;21,3
18/8/05;20,8
19/8/05;22,3
20/8/05;18,9
21/8/05;17,0
22/8/05;19,6
23/8/05;18,5
24/8/05;20,0
25/8/05;19,1
26/8/05;17,3
27/8/05;16,7
28/8/05;16,2
29/8/05;17,7
30/8/05;18,1
31/8/05;20,1
1/9/05;22,9
2/9/05;19,1
3/9/05;18,8
4/9/05;20,1
5/9/05;19,4
6/9/05;20,8
7/9/05;21,2
8/9/05;21,0
9/9/05;20,8
10/9/05;21,5
11/9/05;22,0
12/9/05;21,6
13/9/05;22,5
14/9/05;22,2
15/9/05;22,3
16/9/05;22,8
17/9/05;20,6
18/9/05;20,8
19/9/05;20,8
20/9/05;21,0
21/9/05;21,2
22/9/05;21,0
23/9/05;20,5
24/9/05;20,6
25/9/05;21,6
26/9/05;21,4
27/9/05;21,6
28/9/05;20,5
29/9/05;19,6
30/9/05;19,2
1/10/05;20,4
2/10/05;19,4
3/10/05;18,5
4/10/05;20,2
5/10/05;20,2
6/10/05;19,0
7/10/05;19,6
8/10/05;20,0
9/10/05;20,1
10/10/05;19,3
11/10/05;19,2
12/10/05;19,1
13/10/05;19,1
14/10/05;19,1
15/10/05;19,5
16/10/05;19,3
17/10/05;19,8
18/10/05;19,7
19/10/05;19,3
20/10/05;19,5
21/10/05;19,7
22/10/05;19,7
23/10/05;19,7
24/10/05;19,7
25/10/05;19,6
26/10/05;19,6
27/10/05;19,2
28/10/05;19,4
29/10/05;19,9
30/10/05;19,9
31/10/05;19,7
1/11/05;19,3
2/11/05;19,4
3/11/05;19,5
4/11/05;19,5
5/11/05;19,3
6/11/05;19,5
7/11/05;19,3
8/11/05;19,6
9/11/05;19,5
10/11/05;19,4
11/11/05;19,4
12/11/05;19,4
13/11/05;19,2
14/11/05;18,8
15/11/05;18,5
16/11/05;18,5
17/11/05;18,4
18/11/05;18,3
19/11/05;18,3
20/11/05;18,2
21/11/05;18,2
22/11/05;18,0
23/11/05;17,9
24/11/05;17,7
25/11/05;17,6
26/11/05;17,3
27/11/05;17,0
28/11/05;16,7
29/11/05;16,5
30/11/05;16,5
1/12/05;16,4
2/12/05;16,3
3/12/05;16,4
4/12/05;16,2
5/12/05;16,2
6/12/05;15,9
7/12/05;15,8
8/12/05;15,7
9/12/05;15,6
10/12/05;15,7
11/12/05;15,5
12/12/05;15,4
13/12/05;15,4
14/12/05;15,4
15/12/05;15,3
16/12/05;15,2
17/12/05;15,0
18/12/05;14,9
19/12/05;14,7
20/12/05;14,6
21/12/05;14,5
22/12/05;14,5
23/12/05;14,4
24/12/05;14,2
25/12/05;14,2
26/12/05;14,1
27/12/05;14,1
28/12/05;13,9
29/12/05;13,6
30/12/05;13,5
31/12/05;13,5
1/1/06;13,6
2/1/06;13,4
3/1/06;13,4
4/1/06;13,5
5/1/06;13,5
6/1/06;13,4
7/1/06;13,4
8/1/06;13,5
9/1/06;13,5
10/1/06;13,5
11/1/06;13,5
12/1/06;13,3
13/1/06;13,3
14/1/06;13,3
15/1/06;13,3
16/1/06;13,3
17/1/06;13,2
18/1/06;13,2
19/1/06;13,2
20/1/06;13,2
21/1/06;13,2
22/1/06;13,2
23/1/06;13,1
24/1/06;13,0
25/1/06;12,9
26/1/06;13,0
27/1/06;12,9
28/1/06;12,8
29/1/06;13,0
30/1/06;13,0
31/1/06;13,0
1/2/06;13,0
2/2/06;13,0
3/2/06;13,0
4/2/06;13,0
5/2/06;12,9
6/2/06;12,9
7/2/06;12,9
8/2/06;12,9
9/2/06;12,8
10/2/06;12,7
11/2/06;12,7
12/2/06;12,7
13/2/06;12,7
14/2/06;12,7
15/2/06;12,7
16/2/06;12,7
17/2/06;12,7
18/2/06;12,7
19/2/06;12,7
20/2/06;12,7
21/2/06;12,7
22/2/06;12,7
23/2/06;12,7
24/2/06;12,7
25/2/06;12,7
26/2/06;12,8
27/2/06;12,8
28/2/06;12,7
1/3/06;12,6
2/3/06;12,6
3/3/06;12,7
4/3/06;12,8
5/3/06;12,8
6/3/06;12,8
7/3/06;12,6
8/3/06;12,6
9/3/06;12,7
10/3/06;12,8
11/3/06;12,7
12/3/06;12,6
13/3/06;12,7
14/3/06;12,6
15/3/06;12,7
16/3/06;12,8
17/3/06;12,8
18/3/06;12,8
19/3/06;12,8
20/3/06;12,8
21/3/06;12,8
22/3/06;12,8
23/3/06;12,9
24/3/06;12,8
25/3/06;12,9
26/3/06;12,9
27/3/06;12,9
28/3/06;12,9
29/3/06;13,0
30/3/06;13,0
31/3/06;13,0
1/4/06;13,0
2/4/06;12,9
3/4/06;13,3
4/4/06;13,1
5/4/06;12,9
6/4/06;13,3
7/4/06;13,0
8/4/06;13,0
9/4/06;12,8
10/4/06;12,9
11/4/06;13,5
12/4/06;13,5
13/4/06;13,2
14/4/06;13,3
15/4/06;13,4
16/4/06;13,3
17/4/06;13,5
18/4/06;13,3
19/4/06;13,3
20/4/06;13,4
21/4/06;13,8
22/4/06;13,8
23/4/06;13,7
24/4/06;13,9
25/4/06;14,2
26/4/06;14,4
27/4/06;14,0
28/4/06;13,8
29/4/06;14,1
30/4/06;13,8
1/5/06;13,9
2/5/06;13,7
3/5/06;14,2
4/5/06;14,7
5/5/06;15,4
6/5/06;15,2
7/5/06;16,1
8/5/06;16,4
9/5/06;16,6
10/5/06;15,5
11/5/06;15,1
12/5/06;15,3
13/5/06;14,9
14/5/06;15,0
15/5/06;16,1
16/5/06;16,2
17/5/06;15,0
18/5/06;14,8
19/5/06;14,6
20/5/06;14,1
21/5/06;14,6
22/5/06;14,6
23/5/06;13,7
24/5/06;13,4
25/5/06;13,9
26/5/06;14,4
27/5/06;15,4
28/5/06;16,7
29/5/06;15,9
30/5/06;15,1
31/5/06;14,7
1/6/06;15,8
2/6/06;15,9
3/6/06;16,0
4/6/06;16,4
5/6/06;17,2
6/6/06;17,8
7/6/06;17,7
8/6/06;18,4
9/6/06;18,1
10/6/06;18,5
11/6/06;17,6
12/6/06;17,7
13/6/06;17,8
14/6/06;17,1
15/6/06;17,2
16/6/06;17,2
17/6/06;17,8
18/6/06;18,4
19/6/06;18,1
20/6/06;17,8
21/6/06;18,9
22/6/06;19,3
23/6/06;19,5
24/6/06;19,6
25/6/06;19,8
26/6/06;20,1
27/6/06;20,0
28/6/06;19,6
29/6/06;19,3
30/6/06;19,9
1/7/06;20,0
2/7/06;18,6
3/7/06;19,1
4/7/06;19,0
5/7/06;19,4
6/7/06;19,8
7/7/06;19,0
8/7/06;20,1
9/7/06;19,0
10/7/06;19,6
11/7/06;19,2
12/7/06;18,9
13/7/06;19,3
14/7/06;19,2
15/7/06;18,7
16/7/06;18,4
17/7/06;18,8
18/7/06;19,2
19/7/06;19,4
20/7/06;18,2
21/7/06;18,2
22/7/06;18,0
23/7/06;17,8
24/7/06;18,5
25/7/06;18,5
26/7/06;18,6
27/7/06;18,0
28/7/06;17,9
29/7/06;18,1
30/7/06;18,4
31/7/06;18,7
1/8/06;18,2
2/8/06;16,4
3/8/06;15,5
4/8/06;16,1
5/8/06;16,6
6/8/06;16,7
7/8/06;17,4
8/8/06;18,4
9/8/06;18,5
10/8/06;18,9
11/8/06;18,2
12/8/06;16,8
13/8/06;16,9
14/8/06;16,6
15/8/06;15,6
16/8/06;17,4
17/8/06;16,4
18/8/06;18,6
19/8/06;19,0
20/8/06;20,3
21/8/06;19,6
22/8/06;19,0
23/8/06;19,1
24/8/06;20,0
25/8/06;17,5
26/8/06;16,4
27/8/06;16,8
28/8/06;18,7
29/8/06;17,4
30/8/06;15,3
31/8/06;16,2
1/9/06;17,2
2/9/06;18,5
3/9/06;18,4
4/9/06;18,8
5/9/06;20,0
6/9/06;20,0
7/9/06;19,5
8/9/06;18,8
9/9/06;19,2
10/9/06;20,5
11/9/06;19,7
12/9/06;20,1
13/9/06;20,4
14/9/06;20,5
15/9/06;20,5
16/9/06;21,2
17/9/06;20,3
18/9/06;21,2
19/9/06;20,8
20/9/06;21,3
21/9/06;21,7
22/9/06;21,4
23/9/06;21,5
24/9/06;21,2
25/9/06;21,5
26/9/06;21,2
27/9/06;21,5
28/9/06;21,2
29/9/06;21,5
30/9/06;21,2
1/10/06;21,1
2/10/06;21,3
3/10/06;21,5
4/10/06;21,0
5/10/06;17,5
6/10/06;19,9
7/10/06;20,6
8/10/06;20,5
9/10/06;20,4
10/10/06;20,3
11/10/06;20,9
12/10/06;21,1
13/10/06;21,0
14/10/06;20,9
15/10/06;21,0
16/10/06;20,8
17/10/06;20,9
18/10/06;20,6
19/10/06;20,1
20/10/06;19,8
21/10/06;19,9
22/10/06;20,0
23/10/06;19,7
24/10/06;20,1
25/10/06;20,4
26/10/06;20,2
27/10/06;20,2
28/10/06;20,0
29/10/06;20,3
30/10/06;20,1
31/10/06;20,3
1/11/06;20,2
2/11/06;20,2
3/11/06;20,0
4/11/06;19,7
5/11/06;19,9
6/11/06;19,8
7/11/06;19,7
8/11/06;19,6
9/11/06;19,4
10/11/06;19,0
11/11/06;19,2
12/11/06;19,3
13/11/06;19,2
14/11/06;19,0
15/11/06;18,8
16/11/06;18,6
17/11/06;18,7
18/11/06;19,0
19/11/06;18,9
20/11/06;18,8
21/11/06;18,6
22/11/06;18,5
23/11/06;18,2
24/11/06;18,1
25/11/06;18,1
26/11/06;18,0
27/11/06;18,1
28/11/06;18,2
29/11/06;18,0
30/11/06;18,3
1/12/06;18,0
2/12/06;18,1
3/12/06;18,1
4/12/06;18,1
5/12/06;
6/12/06;
7/12/06;
8/12/06;
9/12/06;
10/12/06;
11/12/06;
12/12/06;
13/12/06;
14/12/06;
15/12/06;
16/12/06;
17/12/06;
18/12/06;
19/12/06;
20/12/06;
21/12/06;
22/12/06;
23/12/06;
24/12/06;
25/12/06;
26/12/06;
27/12/06;
28/12/06;
29/12/06;
30/12/06;
31/12/06;
1/1/07;
2/1/07;
3/1/07;
4/1/07;
5/1/07;
6/1/07;
7/1/07;
8/1/07;
9/1/07;
10/1/07;15,4
11/1/07;15,4
12/1/07;15,4
13/1/07;15,3
14/1/07;15,3
15/1/07;15,3
16/1/07;15,2
17/1/07;15,4
18/1/07;15,4
19/1/07;15,4
20/1/07;15,4
21/1/07;15,3
22/1/07;15,2
23/1/07;15,1
24/1/07;14,9
25/1/07;14,7
26/1/07;14,8
27/1/07;14,7
28/1/07;14,8
29/1/07;15,0
30/1/07;14,9
31/1/07;14,8
1/2/07;14,8
2/2/07;14,9
3/2/07;14,8
4/2/07;14,9
5/2/07;14,9
6/2/07;14,9
7/2/07;14,8
8/2/07;14,7
9/2/07;14,7
10/2/07;14,7
11/2/07;14,7
12/2/07;14,6
13/2/07;14,5
14/2/07;14,4
15/2/07;14,4
16/2/07;14,4
17/2/07;14,4
18/2/07;14,3
19/2/07;14,3
20/2/07;14,3
21/2/07;14,3
22/2/07;14,3
23/2/07;14,3
24/2/07;14,3
25/2/07;14,3
26/2/07;14,2
27/2/07;14,1
28/2/07;14,2
1/3/07;14,1
2/3/07;14,1
3/3/07;14,1
4/3/07;14,1
5/3/07;14,1
6/3/07;14,1
7/3/07;14,1
8/3/07;14,1
9/3/07;14,3
10/3/07;14,4
11/3/07;14,4
12/3/07;14,4
13/3/07;14,4
14/3/07;14,4
15/3/07;14,5
16/3/07;14,5
17/3/07;14,4
18/3/07;14,5
19/3/07;14,4
20/3/07;14,2
21/3/07;14,1
22/3/07;14,1
23/3/07;14,1
24/3/07;14,0
25/3/07;13,9
26/3/07;13,9
27/3/07;13,9
28/3/07;13,9
29/3/07;14,0
30/3/07;14,1
31/3/07;14,1
1/4/07;14,0
2/4/07;14,0
3/4/07;14,1
4/4/07;14,1
5/4/07;14,0
6/4/07;14,1
7/4/07;14,3
8/4/07;14,1
9/4/07;14,1
10/4/07;14,1
11/4/07;14,1
12/4/07;14,1
13/4/07;14,2
14/4/07;14,4
15/4/07;14,6
16/4/07;14,7
17/4/07;14,6
18/4/07;14,7
19/4/07;14,7
20/4/07;14,7
21/4/07;14,7
22/4/07;14,9
23/4/07;15,0
24/4/07;15,0
25/4/07;14,9
26/4/07;14,8
27/4/07;15,7
28/4/07;15,4
29/4/07;15,4
30/4/07;15,5
1/5/07;16,3
2/5/07;16,7
3/5/07;16,3
4/5/07;16,9
5/5/07;16,3
6/5/07;17,0
7/5/07;16,9
8/5/07;16,3
9/5/07;16,0
10/5/07;15,3
11/5/07;16,1
12/5/07;15,9
13/5/07;15,6
14/5/07;16,7
15/5/07;15,8
16/5/07;15,1
17/5/07;15,5
18/5/07;15,4
19/5/07;16,5
20/5/07;17,4
21/5/07;16,8
22/5/07;16,6
23/5/07;16,5
24/5/07;16,7
25/5/07;16,5
26/5/07;16,4
27/5/07;16,6
28/5/07;16,5
29/5/07;15,4
30/5/07;14,5
31/5/07;14,4
1/6/07;14,9
2/6/07;14,6
3/6/07;14,8
4/6/07;15,1
5/6/07;15,6
6/6/07;16,8
7/6/07;17,0
8/6/07;17,0
9/6/07;16,9
10/6/07;17,4
11/6/07;17,1
12/6/07;16,5
13/6/07;16,2
14/6/07;16,3
15/6/07;16,3
16/6/07;17,2
17/6/07;16,4
18/6/07;16,2
19/6/07;17,0
20/6/07;17,3
21/6/07;18,0
22/6/07;18,1
23/6/07;17,7
24/6/07;16,2
25/6/07;16,6
26/6/07;16,6
27/6/07;15,7
28/6/07;15,1
29/6/07;15,4
30/6/07;16,1
1/7/07;18,1
2/7/07;18,3
3/7/07;19,2
4/7/07;17,9
5/7/07;16,8
6/7/07;15,9
7/7/07;16,4
8/7/07;16,5
9/7/07;17,5
10/7/07;16,8
11/7/07;16,2
12/7/07;15,7
13/7/07;16,2
14/7/07;17,6
15/7/07;18,0
16/7/07;18,4
17/7/07;18,5
18/7/07;18,3
19/7/07;18,8
20/7/07;18,8
21/7/07;19,1
22/7/07;18,8
23/7/07;18,8
24/7/07;19,8
25/7/07;16,6
26/7/07;17,2
27/7/07;17,5
28/7/07;17,9
29/7/07;17,8
30/7/07;17,5
31/7/07;18,1
1/8/07;18,7
2/8/07;19,8
3/8/07;19,9
4/8/07;19,8
5/8/07;20,6
6/8/07;20,6
7/8/07;20,3
8/8/07;19,5
9/8/07;16,7
10/8/07;16,6
11/8/07;17,3
12/8/07;18,2
13/8/07;17,9
14/8/07;18,2
15/8/07;17,9
16/8/07;18,0
17/8/07;18,4
18/8/07;17,1
19/8/07;17,9
20/8/07;17,5
21/8/07;17,0
22/8/07;18,0
23/8/07;18,2
24/8/07;18,9
25/8/07;18,8
26/8/07;19,3
27/8/07;19,6
28/8/07;19,2
29/8/07;19,9
30/8/07;20,7
31/8/07;18,1
1/9/07;19,8
2/9/07;20,0
3/9/07;21,2
4/9/07;20,5
5/9/07;20,6
6/9/07;20,5
7/9/07;20,4
8/9/07;21,2
9/9/07;21,0
10/9/07;21,6
11/9/07;20,0
12/9/07;21,0
13/9/07;21,6
14/9/07;21,4
15/9/07;21,7
16/9/07;21,5
17/9/07;21,7
18/9/07;21,9
19/9/07;21,5
20/9/07;21,5
21/9/07;20,7
22/9/07;21,1
23/9/07;21,3
24/9/07;21,4
25/9/07;21,6
26/9/07;21,2
27/9/07;19,9
28/9/07;20,2
29/9/07;19,3
30/9/07;20,2
1/10/07;20,1
2/10/07;20,4
3/10/07;20,7
4/10/07;20,7
5/10/07;20,7
6/10/07;20,6
7/10/07;20,8
8/10/07;20,7
9/10/07;20,8
10/10/07;20,9
11/10/07;20,9
12/10/07;20,8
13/10/07;20,9
14/10/07;20,8
15/10/07;20,6
16/10/07;20,3
17/10/07;20,5
18/10/07;20,2
19/10/07;20,1
20/10/07;20,0
21/10/07;19,8
22/10/07;19,6
23/10/07;19,5
24/10/07;19,3
25/10/07;19,1
26/10/07;18,3
27/10/07;18,2
28/10/07;18,4
29/10/07;18,4
30/10/07;18,3
31/10/07;18,1
1/11/07;18,3
2/11/07;
3/11/07;
4/11/07;
5/11/07;18,4
6/11/07;18,3
7/11/07;18,1
8/11/07;18,0
9/11/07;17,8
10/11/07;17,7
11/11/07;17,5
12/11/07;17,4
13/11/07;17,4
14/11/07;17,3
15/11/07;17,0
16/11/07;16,7
17/11/07;16,4
18/11/07;16,5
19/11/07;16,5
20/11/07;16,4
21/11/07;16,1
22/11/07;16,0
23/11/07;16,0
24/11/07;16,1
25/11/07;16,0
26/11/07;16,0
27/11/07;16,1
28/11/07;16,1
29/11/07;16,1
30/11/07;16,1
1/12/07;16,0
2/12/07;16,1
3/12/07;16,0
4/12/07;15,9
5/12/07;15,9
6/12/07;15,8
7/12/07;15,7
8/12/07;15,5
9/12/07;15,4
10/12/07;15,3
11/12/07;15,3
12/12/07;15,2
13/12/07;15,2
14/12/07;15,2
15/12/07;15,0
16/12/07;14,9
17/12/07;15,0
18/12/07;15,0
19/12/07;15,0
20/12/07;14,9
21/12/07;14,9
22/12/07;14,8
23/12/07;14,8
24/12/07;14,6
25/12/07;14,5
26/12/07;14,4
27/12/07;14,4
28/12/07;14,4
29/12/07;14,4
30/12/07;14,3
31/12/07;14,3
1/1/08;14,3
2/1/08;14,2
3/1/08;14,1
4/1/08;14,1
5/1/08;14,1
6/1/08;14,0
7/1/08;13,9
8/1/08;13,9
9/1/08;13,8
10/1/08;13,8
11/1/08;13,8
12/1/08;13,9
13/1/08;13,8
14/1/08;13,8
15/1/08;13,8
16/1/08;13,8
17/1/08;13,7
18/1/08;13,8
19/1/08;13,8
20/1/08;13,8
21/1/08;13,8
22/1/08;13,8
23/1/08;13,8
24/1/08;13,8
25/1/08;13,8
26/1/08;13,7
27/1/08;13,8
28/1/08;13,8
29/1/08;13,8
30/1/08;13,8
31/1/08;13,7
1/2/08;13,7
2/2/08;13,7
3/2/08;13,5
4/2/08;13,5
5/2/08;13,6
6/2/08;13,7
7/2/08;13,7
8/2/08;13,6
9/2/08;13,6
10/2/08;13,5
11/2/08;13,5
12/2/08;13,5
13/2/08;13,5
14/2/08;13,5
15/2/08;13,5
16/2/08;13,5
17/2/08;13,5
18/2/08;13,4
19/2/08;13,5
20/2/08;13,4
21/2/08;13,4
22/2/08;13,4
23/2/08;13,4
24/2/08;13,4
25/2/08;13,4
26/2/08;13,5
27/2/08;13,5
28/2/08;13,5
29/2/08;13,5
1/3/08;13,5
2/3/08;13,5
3/3/08;13,5
4/3/08;13,5
5/3/08;13,4
6/3/08;13,3
7/3/08;13,3
8/3/08;13,2
9/3/08;13,3
10/3/08;13,4
11/3/08;13,3
12/3/08;13,3
13/3/08;13,3
14/3/08;13,2
15/3/08;13,3
16/3/08;13,4
17/3/08;13,4
18/3/08;13,4
19/3/08;13,2
20/3/08;13,3
21/3/08;13,3
22/3/08;13,2
23/3/08;13,2
24/3/08;13,0
25/3/08;13,1
26/3/08;13,1
27/3/08;13,1
28/3/08;13,1
29/3/08;13,2
30/3/08;13,2
31/3/08;13,3
1/4/08;13,3
2/4/08;13,3
3/4/08;13,4
4/4/08;13,4
5/4/08;13,4
6/4/08;13,6
7/4/08;13,7
8/4/08;13,6
9/4/08;13,4
10/4/08;13,4
11/4/08;13,4
12/4/08;13,5
13/4/08;13,5
14/4/08;13,6
15/4/08;13,5
16/4/08;13,5
17/4/08;13,5
18/4/08;13,4
19/4/08;13,4
20/4/08;13,4
21/4/08;13,7
22/4/08;13,9
23/4/08;13,6
24/4/08;13,7
25/4/08;13,6
26/4/08;14,1
27/4/08;14,1
28/4/08;14,1
29/4/08;14,4
30/4/08;14,1
1/5/08;14,5
2/5/08;14,1
3/5/08;14,3
4/5/08;14,2
5/5/08;14,2
6/5/08;14,9
7/5/08;14,7
8/5/08;15,4
9/5/08;14,9
10/5/08;15,2
11/5/08;15,5
12/5/08;16,0
13/5/08;16,4
14/5/08;16,2
15/5/08;16,4
16/5/08;17,4
17/5/08;17,1
18/5/08;16,5
19/5/08;16,6
20/5/08;16,0
21/5/08;16,1
22/5/08;16,5
23/5/08;15,6
24/5/08;16,6
25/5/08;16,1
26/5/08;16,6
27/5/08;16,7
28/5/08;17,2
29/5/08;17,1
30/5/08;17,6
31/5/08;18,1
1/6/08;18,0
2/6/08;17,9
3/6/08;18,3
4/6/08;18,3
5/6/08;17,6
6/6/08;17,7
7/6/08;18,0
8/6/08;18,6
9/6/08;18,1
10/6/08;18,1
11/6/08;18,1
12/6/08;17,4
13/6/08;16,8
14/6/08;16,2
15/6/08;16,6
16/6/08;17,0
17/6/08;17,7
18/6/08;17,3
19/6/08;17,9
20/6/08;18,2
21/6/08;18,5
22/6/08;18,0
23/6/08;18,2
24/6/08;18,5
25/6/08;18,1
26/6/08;17,6
27/6/08;18,2
28/6/08;18,7
29/6/08;19,4
30/6/08;17,5
1/7/08;18,2
2/7/08;17,3
3/7/08;17,2
4/7/08;17,3
5/7/08;15,8
6/7/08;15,8
7/7/08;16,6
8/7/08;16,2
9/7/08;15,4
10/7/08;15,1
11/7/08;15,8
12/7/08;16,9
13/7/08;17,9
14/7/08;15,5
15/7/08;16,6
16/7/08;16,2
17/7/08;15,8
18/7/08;15,9
19/7/08;17,1
20/7/08;16,8
21/7/08;16,8
22/7/08;17,0
23/7/08;17,2
24/7/08;18,0
25/7/08;17,7
26/7/08;18,0
27/7/08;17,8
28/7/08;17,8
29/7/08;17,8
30/7/08;17,5
31/7/08;17,7
1/8/08;17,5
2/8/08;17,1
3/8/08;17,0
4/8/08;17,2
5/8/08;17,5
6/8/08;17,7
7/8/08;18,3
8/8/08;18,0
9/8/08;17,0
10/8/08;18,6
11/8/08;19,1
12/8/08;19,3
13/8/08;18,9
14/8/08;17,7
15/8/08;16,7
16/8/08;16,2
17/8/08;16,3
18/8/08;16,1
19/8/08;17,9
20/8/08;17,8
21/8/08;18,5
22/8/08;18,9
23/8/08;17,9
24/8/08;16,5
25/8/08;18,4
26/8/08;19,1
27/8/08;18,9
28/8/08;19,8
29/8/08;18,9
30/8/08;18,6
31/8/08;18,4
1/9/08;17,7
2/9/08;18,3
3/9/08;17,8
4/9/08;17,7
5/9/08;17,7
6/9/08;18,7
7/9/08;17,7
8/9/08;16,2
9/9/08;16,6
10/9/08;16,9
11/9/08;18,2
12/9/08;19,5
13/9/08;18,1
14/9/08;16,5
15/9/08;17,6
16/9/08;19,2
17/9/08;20,8
18/9/08;21,5
19/9/08;21,6
20/9/08;21,1
21/9/08;21,7
22/9/08;21,3
23/9/08;21,8
24/9/08;22,1
25/9/08;21,7
26/9/08;21,8
27/9/08;21,7
28/9/08;21,4
29/9/08;21,0
30/9/08;21,0
1/10/08;21,1
2/10/08;20,5
3/10/08;20,5
4/10/08;18,2
5/10/08;18,5
6/10/08;16,9
7/10/08;14,8
8/10/08;15,6
9/10/08;16,7
10/10/08;18,0
11/10/08;18,3
12/10/08;19,0
13/10/08;19,1
14/10/08;19,1
15/10/08;19,5
16/10/08;19,4
17/10/08;18,6
18/10/08;18,2
19/10/08;19,4
20/10/08;19,8
21/10/08;19,7
22/10/08;19,6
23/10/08;19,4
24/10/08;19,3
25/10/08;19,2
26/10/08;19,3
27/10/08;19,7
28/10/08;19,5
29/10/08;19,4
30/10/08;19,2
31/10/08;18,5
1/11/08;18,4
2/11/08;18,5
3/11/08;18,4
4/11/08;18,3
5/11/08;18,1
6/11/08;18,1
7/11/08;18,0
8/11/08;18,3
9/11/08;18,5
10/11/08;18,5
11/11/08;18,4
12/11/08;18,5
13/11/08;18,4
14/11/08;18,3
15/11/08;18,6
16/11/08;18,4
17/11/08;18,5
18/11/08;18,5
19/11/08;18,5
20/11/08;18,4
21/11/08;18,2
22/11/08;18,0
23/11/08;17,6
24/11/08;17,3
25/11/08;17,3
26/11/08;17,2
27/11/08;17,1
28/11/08;17,1
29/11/08;17,0
30/11/08;16,8
1/12/08;16,6
2/12/08;16,7
3/12/08;16,7
4/12/08;16,5
5/12/08;16,4
6/12/08;16,2
7/12/08;16,0
8/12/08;15,9
9/12/08;15,8
10/12/08;15,8
11/12/08;15,8
12/12/08;15,8
13/12/08;15,8
14/12/08;15,8
15/12/08;15,8
16/12/08;15,8
17/12/08;15,8
18/12/08;15,7
19/12/08;15,5
20/12/08;15,5
21/12/08;15,5
22/12/08;15,6
23/12/08;15,7
24/12/08;15,8
25/12/08;15,6
26/12/08;15,5
27/12/08;15,2
28/12/08;15,0
29/12/08;14,9
30/12/08;14,9
1/1/09;14,6
2/1/09;14,6
3/1/09;14,6
4/1/09;14,6
5/1/09;14,6
6/1/09;14,6
7/1/09;14,5
8/1/09;14,4
9/1/09;14,3
10/1/09;14,3
11/1/09;14,3
12/1/09;14,3
13/1/09;14,3
14/1/09;14,3
15/1/09;14,3
16/1/09;14,3
17/1/09;14,3
18/1/09;14,3
19/1/09;14,3
20/1/09;14,3
21/1/09;14,0
22/1/09;14,0
23/1/09;14,0
24/1/09;14,0
25/1/09;13,8
26/1/09;13,7
27/1/09;13,7
28/1/09;13,7
29/1/09;13,7
30/1/09;13,7
31/1/09;13,7
1/2/09;13,7
2/2/09;13,7
3/2/09;13,7
4/2/09;13,7
5/2/09;13,7
6/2/09;13,8
7/2/09;13,8
8/2/09;13,6
9/2/09;13,7
10/2/09;13,7
11/2/09;13,5
12/2/09;13,5
13/2/09;13,5
14/2/09;13,5
15/2/09;13,5
16/2/09;13,5
17/2/09;13,5
18/2/09;13,5
19/2/09;13,5
20/2/09;13,6
21/2/09;13,6
22/2/09;13,6
23/2/09;13,5
24/2/09;13,7
25/2/09;13,7
26/2/09;13,7
27/2/09;13,7
28/2/09;13,7
1/3/09;13,5
2/3/09;13,7
3/3/09;13,7
4/3/09;13,7
5/3/09;13,5
6/3/09;13,5
7/3/09;13,5
8/3/09;13,5
9/3/09;13,5
10/3/09;13,5
11/3/09;13,6
12/3/09;13,7
13/3/09;13,6
14/3/09;13,5
15/3/09;13,5
16/3/09;13,8
17/3/09;13,9
18/3/09;14,0
19/3/09;13,7
20/3/09;13,7
21/3/09;13,8
22/3/09;13,9
23/3/09;14,0
24/3/09;13,9
25/3/09;13,7
26/3/09;13,7
27/3/09;13,8
28/3/09;13,7
29/3/09;13,7
30/3/09;13,7
31/3/09;13,7
1/4/09;13,7
2/4/09;13,7
3/4/09;13,8
4/4/09;13,8
5/4/09;13,8
6/4/09;13,9
7/4/09;13,9
8/4/09;14,0
9/4/09;14,0
10/4/09;14,0
11/4/09;14,1
12/4/09;14,0
13/4/09;13,9
14/4/09;14,0
15/4/09;14,4
16/4/09;14,7
17/4/09;14,7
18/4/09;14,6
19/4/09;14,7
20/4/09;14,5
21/4/09;14,6
22/4/09;14,2
23/4/09;14,4
24/4/09;14,4
25/4/09;14,9
26/4/09;14,8
27/4/09;14,6
28/4/09;14,7
29/4/09;14,9
30/4/09;14,8
1/5/09;14,8
2/5/09;14,7
3/5/09;14,7
4/5/09;14,9
5/5/09;15,0
6/5/09;15,1
7/5/09;15,1
8/5/09;14,8
9/5/09;14,9
10/5/09;15,5
11/5/09;15,2
12/5/09;15,3
13/5/09;15,2
14/5/09;15,2
15/5/09;16,1
16/5/09;16,5
17/5/09;16,9
18/5/09;16,3
19/5/09;16,3
20/5/09;16,5
21/5/09;16,4
22/5/09;16,3
23/5/09;16,2
24/5/09;16,5
25/5/09;16,6
26/5/09;16,5
27/5/09;16,4
28/5/09;16,8
29/5/09;16,0
30/5/09;16,1
31/5/09;16,4
1/6/09;17,4
2/6/09;16,4
3/6/09;17,6
4/6/09;17,1
5/6/09;15,9
6/6/09;15,9
7/6/09;15,6
8/6/09;15,1
9/6/09;15,2
10/6/09;15,7
11/6/09;15,7
12/6/09;14,5
13/6/09;14,4
14/6/09;14,9
15/6/09;16,1
16/6/09;15,9
17/6/09;16,2
18/6/09;16,5
19/6/09;16,9
20/6/09;16,9
21/6/09;17,3
22/6/09;17,4
23/6/09;19,2
24/6/09;19,0
25/6/09;17,5
26/6/09;17,3
27/6/09;17,3
28/6/09;18,0
29/6/09;17,9
30/6/09;18,4
1/7/09;19,5
2/7/09;20,1
3/7/09;18,8
4/7/09;18,1
5/7/09;17,1
6/7/09;17,1
7/7/09;16,4
8/7/09;15,3
9/7/09;14,9
10/7/09;14,3
11/7/09;14,3
12/7/09;15,5
13/7/09;16,6
14/7/09;17,3
15/7/09;19,3
16/7/09;19,4
17/7/09;21,0
18/7/09;16,1
19/7/09;16,4
20/7/09;15,0
21/7/09;15,1
22/7/09;16,7
23/7/09;17,3
24/7/09;
25/7/09;
26/7/09;
27/7/09;
28/7/09;
29/7/09;16,9
30/7/09;17,8
31/7/09;17,4
1/8/09;17,0
2/8/09;18,3
3/8/09;17,3
4/8/09;15,6
5/8/09;16,0
6/8/09;17,9
7/8/09;16,3
8/8/09;16,5
9/8/09;16,4
10/8/09;16,2
11/8/09;15,9
12/8/09;17,3
13/8/09;17,7
14/8/09;17,8
15/8/09;17,7
16/8/09;17,6
17/8/09;17,5
18/8/09;18,8
19/8/09;18,7
20/8/09;19,5
21/8/09;17,8
22/8/09;16,9
23/8/09;16,6
24/8/09;18,2
25/8/09;18,3
26/8/09;18,2
27/8/09;20,7
28/8/09;20,0
29/8/09;18,7
30/8/09;19,1
31/8/09;19,4
1/9/09;19,7
2/9/09;19,4
3/9/09;18,7
4/9/09;17,4
5/9/09;15,7
6/9/09;16,3
7/9/09;18,2
8/9/09;17,4
9/9/09;19,8
10/9/09;19,4
11/9/09;19,1
12/9/09;20,9
13/9/09;22,3
14/9/09;20,3
15/9/09;20,6
16/9/09;22,1
17/9/09;22,3
18/9/09;21,7
19/9/09;22,1
20/9/09;22,2
21/9/09;22,5
22/9/09;22,5
23/9/09;22,5
24/9/09;22,6
25/9/09;22,7
26/9/09;22,5
27/9/09;22,6
28/9/09;22,4
29/9/09;22,4
30/9/09;22,4
1/10/09;22,5
2/10/09;22,6
3/10/09;22,6
4/10/09;22,2
5/10/09;22,5
6/10/09;22,5
7/10/09;22,6
8/10/09;22,7
9/10/09;22,6
10/10/09;22,6
11/10/09;22,0
12/10/09;21,8
13/10/09;21,9
14/10/09;21,0
15/10/09;21,3
16/10/09;20,8
17/10/09;21,0
18/10/09;21,0
19/10/09;20,7
20/10/09;20,8
21/10/09;20,3
22/10/09;20,1
23/10/09;20,1
24/10/09;20,0
25/10/09;20,0
26/10/09;20,1
27/10/09;19,9
28/10/09;19,9
29/10/09;20,0
30/10/09;19,9
31/10/09;19,9
1/11/09;19,7
2/11/09;19,5
3/11/09;19,3
4/11/09;18,9
5/11/09;18,2
6/11/09;18,3
7/11/09;17,3
8/11/09;17,5
9/11/09;17,1
10/11/09;16,8
11/11/09;16,9
12/11/09;17,5
13/11/09;17,2
14/11/09;17,6
15/11/09;17,2
16/11/09;17,5
17/11/09;17,3
18/11/09;17,5
19/11/09;17,6
20/11/09;17,4
21/11/09;17,2
22/11/09;17,4
23/11/09;17,5
24/11/09;17,2
25/11/09;17,1
26/11/09;17,1
27/11/09;17,1
28/11/09;17,1
29/11/09;17,0
30/11/09;16,9
1/12/09;16,7
2/12/09;16,5
3/12/09;16,6
4/12/09;16,4
5/12/09;16,3
6/12/09;16,3
7/12/09;16,3
8/12/09;16,3
9/12/09;16,2
10/12/09;16,1
11/12/09;16,2
12/12/09;16,2
13/12/09;15,9
14/12/09;15,6
15/12/09;15,5
16/12/09;15,5
17/12/09;15,3
18/12/09;15,1
19/12/09;14,9
20/12/09;14,7
21/12/09;14,6
22/12/09;14,5
23/12/09;14,4
24/12/09;14,4
25/12/09;14,4
26/12/09;14,3
27/12/09;14,3
28/12/09;14,3
29/12/09;14,2
30/12/09;14,3
31/12/09;14,3
1/1/10;14,1
2/1/10;14,0
3/1/10;14,0
4/1/10;14,0
5/1/10;13,9
6/1/10;13,8
7/1/10;13,8
8/1/10;13,6
9/1/10;13,6
10/1/10;13,6
11/1/10;13,7
12/1/10;13,6
13/1/10;13,6
14/1/10;13,6
15/1/10;13,5
16/1/10;13,5
17/1/10;13,5
18/1/10;13,6
19/1/10;13,7
20/1/10;13,6
21/1/10;13,5
22/1/10;13,5
23/1/10;13,4
24/1/10;13,4
25/1/10;13,2
26/1/10;13,2
27/1/10;13,3
28/1/10;13,2
29/1/10;13,0
30/1/10;13,0
31/1/10;13,0
1/2/10;13,0
2/2/10;12,9
3/2/10;12,9
4/2/10;12,9
5/2/10;12,9
6/2/10;12,9
7/2/10;12,9
8/2/10;12,9
9/2/10;12,8
10/2/10;12,9
11/2/10;12,7
12/2/10;12,9
13/2/10;13,0
14/2/10;12,9
15/2/10;12,9
16/2/10;12,9
17/2/10;12,9
18/2/10;12,9
19/2/10;12,9
20/2/10;12,9
21/2/10;12,8
22/2/10;12,9
23/2/10;12,9
24/2/10;12,9
25/2/10;13,0
26/2/10;13,0
27/2/10;12,9
28/2/10;12,9
1/3/10;12,9
2/3/10;12,9
3/3/10;12,9
4/3/10;12,9
5/3/10;12,9
6/3/10;12,9
7/3/10;12,9
8/3/10;12,9
9/3/10;12,8
10/3/10;12,8
11/3/10;12,9
12/3/10;12,7
13/3/10;12,8
14/3/10;12,8
15/3/10;12,9
16/3/10;12,9
17/3/10;12,9
18/3/10;13,0
19/3/10;12,8
20/3/10;12,9
21/3/10;12,9
22/3/10;12,9
23/3/10;12,9
24/3/10;13,0
25/3/10;13,0
26/3/10;13,0
27/3/10;13,2
28/3/10;13,4
29/3/10;13,3
30/3/10;13,1
31/3/10;13,1
1/4/10;13,2
2/4/10;13,2
3/4/10;13,2
4/4/10;13,2
5/4/10;13,2
6/4/10;13,1
7/4/10;13,2
8/4/10;13,3
9/4/10;13,2
10/4/10;13,2
11/4/10;13,2
12/4/10;13,4
13/4/10;13,5
14/4/10;13,6
15/4/10;13,7
16/4/10;13,8
17/4/10;13,9
18/4/10;14,1
19/4/10;14,0
20/4/10;13,9
21/4/10;13,9
22/4/10;13,9
23/4/10;13,8
24/4/10;13,9
25/4/10;14,0
26/4/10;14,1
27/4/10;14,0
28/4/10;14,1
29/4/10;14,6
30/4/10;14,1
1/5/10;14,0
2/5/10;14,1
3/5/10;14,1
4/5/10;14,0
5/5/10;14,4
6/5/10;14,9
7/5/10;14,8
8/5/10;14,6
9/5/10;14,9
10/5/10;15,1
11/5/10;15,0
12/5/10;15,0
13/5/10;14,9
14/5/10;14,4
15/5/10;14,4
16/5/10;13,9
17/5/10;14,1
18/5/10;14,2
19/5/10;14,1
20/5/10;14,6
21/5/10;14,5
22/5/10;14,6
23/5/10;14,8
24/5/10;14,1
25/5/10;14,2
26/5/10;14,2
27/5/10;14,6
28/5/10;14,7
29/5/10;14,3
30/5/10;14,4
31/5/10;15,2
1/6/10;14,9
2/6/10;14,7
3/6/10;14,9
4/6/10;16,4
5/6/10;17,1
6/6/10;16,0
7/6/10;15,2
8/6/10;15,6
9/6/10;15,6
10/6/10;17,0
11/6/10;18,6
12/6/10;18,7
13/6/10;18,2
14/6/10;17,8
15/6/10;16,9
16/6/10;18,1
17/6/10;17,5
18/6/10;18,0
19/6/10;15,0
20/6/10;14,4
21/6/10;15,1
22/6/10;14,5
23/6/10;15,8
24/6/10;16,4
25/6/10;16,5
26/6/10;16,4
27/6/10;17,0
28/6/10;17,2
29/6/10;17,1
30/6/10;17,4
1/7/10;17,1
2/7/10;16,7
3/7/10;16,8
4/7/10;16,1
5/7/10;16,4
6/7/10;17,3
7/7/10;17,5
8/7/10;17,7
9/7/10;17,8
10/7/10;17,1
11/7/10;16,7
12/7/10;16,5
13/7/10;16,3
14/7/10;15,6
15/7/10;16,0
16/7/10;15,9
17/7/10;16,8
18/7/10;16,2
19/7/10;17,3
20/7/10;17,3
21/7/10;16,6
22/7/10;17,6
23/7/10;17,3
24/7/10;15,1
25/7/10;15,7
26/7/10;15,3
27/7/10;16,3
28/7/10;16,5
29/7/10;16,3
30/7/10;15,5
31/7/10;17,4
1/8/10;18,6
2/8/10;17,7
3/8/10;16,5
4/8/10;16,7
5/8/10;16,1
6/8/10;16,3
7/8/10;18,5
8/8/10;17,2
9/8/10;17,1
10/8/10;16,6
11/8/10;16,2
12/8/10;16,5
13/8/10;16,9
14/8/10;18,1
15/8/10;17,6
16/8/10;16,0
17/8/10;14,7
18/8/10;14,4
19/8/10;14,3
20/8/10;14,5
21/8/10;16,3
22/8/10;16,3
23/8/10;17,6
24/8/10;18,4
25/8/10;18,2
26/8/10;18,0
27/8/10;18,1
28/8/10;16,1
29/8/10;15,8
30/8/10;15,9
31/8/10;15,9
1/9/10;16,4
2/9/10;17,4
3/9/10;18,1
4/9/10;17,4
5/9/10;17,3
6/9/10;17,6
7/9/10;18,6
8/9/10;17,9
9/9/10;16,6
10/9/10;18,3
11/9/10;17,8
12/9/10;18,0
13/9/10;19,0
14/9/10;21,0
15/9/10;20,8
16/9/10;18,1
17/9/10;17,8
18/9/10;18,2
19/9/10;17,1
20/9/10;17,4
21/9/10;16,5
22/9/10;17,5
23/9/10;19,3
24/9/10;18,3
25/9/10;18,2
26/9/10;17,8
27/9/10;18,7
28/9/10;17,0
29/9/10;17,0
30/9/10;16,1
1/10/10;17,7
2/10/10;16,7
3/10/10;18,5
4/10/10;18,9
5/10/10;18,9
6/10/10;20,0
7/10/10;19,5
8/10/10;18,9
9/10/10;19,4
10/10/10;19,2
11/10/10;19,0
12/10/10;18,7
13/10/10;18,9
14/10/10;19,4
15/10/10;19,0
16/10/10;19,4
17/10/10;19,3
18/10/10;19,0
19/10/10;19,0
20/10/10;19,0
21/10/10;18,7
22/10/10;18,6
23/10/10;18,6
24/10/10;18,8
25/10/10;18,8
26/10/10;18,5
27/10/10;18,6
28/10/10;18,3
29/10/10;18,5
30/10/10;18,6
31/10/10;18,3
1/11/10;18,3
2/11/10;17,9
3/11/10;18,2
4/11/10;18,2
5/11/10;18,4
6/11/10;18,3
7/11/10;18,3
8/11/10;18,1
9/11/10;17,9
10/11/10;17,8
11/11/10;17,8
12/11/10;17,7
13/11/10;17,5
14/11/10;17,4
15/11/10;17,3
16/11/10;17,4
17/11/10;17,2
18/11/10;17,5
19/11/10;17,4
20/11/10;17,3
21/11/10;17,2
22/11/10;17,2
23/11/10;17,0
24/11/10;17,0
25/11/10;16,6
26/11/10;16,4
27/11/10;16,2
28/11/10;16,1
29/11/10;16,0
30/11/10;15,9
1/12/10;15,9
2/12/10;15,8
3/12/10;15,6
4/12/10;15,4
5/12/10;15,3
6/12/10;15,2
7/12/10;15,1
8/12/10;15,2
9/12/10;15,2
10/12/10;15,1
11/12/10;15,2
12/12/10;15,2
13/12/10;15,2
14/12/10;15,1
15/12/10;15,1
16/12/10;15,0
17/12/10;14,9
18/12/10;14,8
19/12/10;14,6
20/12/10;14,6
21/12/10;14,6
22/12/10;14,5
23/12/10;14,4
24/12/10;14,4
25/12/10;14,3
26/12/10;14,3
27/12/10;14,3
28/12/10;14,3
29/12/10;14,3
30/12/10;14,3
31/12/10;14,2
1/1/11;14,1
2/1/11;14,1
3/1/11;14,1
4/1/11;14,1
5/1/11;14,1
6/1/11;14,0
7/1/11;13,9
8/1/11;13,8
9/1/11;13,8
10/1/11;13,8
11/1/11;13,7
12/1/11;13,7
13/1/11;13,7
14/1/11;13,7
15/1/11;13,6
16/1/11;13,6
17/1/11;13,7
18/1/11;13,7
19/1/11;13,7
20/1/11;13,7
21/1/11;13,6
22/1/11;13,5
23/1/11;13,5
24/1/11;13,6
25/1/11;13,5
26/1/11;13,5
27/1/11;13,4
28/1/11;13,4
29/1/11;13,3
30/1/11;13,4
31/1/11;13,2
1/2/11;13,3
2/2/11;13,2
3/2/11;13,2
4/2/11;13,2
5/2/11;13,2
6/2/11;13,3
7/2/11;13,3
8/2/11;13,3
9/2/11;13,3
10/2/11;13,3
11/2/11;13,3
12/2/11;13,2
13/2/11;13,2
14/2/11;13,2
15/2/11;13,2
16/2/11;13,2
17/2/11;13,2
18/2/11;13,3
19/2/11;13,3
20/2/11;13,3
21/2/11;13,3
22/2/11;13,3
23/2/11;13,3
24/2/11;13,3
25/2/11;13,3
26/2/11;13,4
27/2/11;13,3
28/2/11;13,3
1/3/11;13,3
2/3/11;13,2
3/3/11;13,2
4/3/11;13,2
5/3/11;13,2
6/3/11;13,2
7/3/11;13,2
8/3/11;13,2
9/3/11;13,1
10/3/11;13,2
11/3/11;13,2
12/3/11;13,1
13/3/11;13,1
14/3/11;13,1
15/3/11;13,1
16/3/11;13,1
17/3/11;13,1
18/3/11;13,1
19/3/11;13,1
20/3/11;13,1
21/3/11;13,1
22/3/11;13,1
23/3/11;13,2
24/3/11;13,3
25/3/11;13,4
26/3/11;13,4
27/3/11;13,4
28/3/11;13,4
29/3/11;13,5
30/3/11;13,5
31/3/11;13,5
1/4/11;13,6
2/4/11;13,6
3/4/11;13,6
4/4/11;13,6
5/4/11;13,5
6/4/11;13,5
7/4/11;13,6
8/4/11;13,4
9/4/11;13,9
10/4/11;13,7
11/4/11;13,6
12/4/11;13,9
13/4/11;14,1
14/4/11;14,1
15/4/11;14,0
16/4/11;14,5
17/4/11;14,6
18/4/11;14,5
19/4/11;14,8
20/4/11;15,3
21/4/11;15,1
22/4/11;14,9
23/4/11;14,4
24/4/11;14,7
25/4/11;15,0
26/4/11;15,5
27/4/11;15,1
28/4/11;14,9
29/4/11;14,9
30/4/11;15,1
1/5/11;15,2
2/5/11;15,1
3/5/11;16,0
4/5/11;15,9
5/5/11;16,2
6/5/11;16,6
7/5/11;16,6
8/5/11;16,8
9/5/11;16,7
10/5/11;16,7
11/5/11;16,8
12/5/11;16,6
13/5/11;16,3
14/5/11;16,6
15/5/11;15,9
16/5/11;15,6
17/5/11;15,6
18/5/11;16,2
19/5/11;16,6
20/5/11;16,6
21/5/11;16,5
22/5/11;16,3
23/5/11;16,2
24/5/11;16,6
25/5/11;16,7
26/5/11;16,2
27/5/11;15,8
28/5/11;15,5
29/5/11;16,1
30/5/11;16,3
31/5/11;16,0
1/6/11;14,8
2/6/11;16,0
3/6/11;16,2
4/6/11;15,6
5/6/11;15,6
6/6/11;16,8
7/6/11;16,3
8/6/11;16,2
9/6/11;15,6
10/6/11;14,9
11/6/11;14,7
12/6/11;14,2
13/6/11;15,2
14/6/11;16,5
15/6/11;17,0
16/6/11;17,0
17/6/11;17,3
18/6/11;17,4
19/6/11;16,0
20/6/11;15,0
21/6/11;15,8
22/6/11;15,6
23/6/11;16,8
24/6/11;16,3
25/6/11;17,4
26/6/11;18,0
27/6/11;17,5
28/6/11;17,8
29/6/11;17,5
30/6/11;16,7
1/7/11;16,8
2/7/11;16,9
3/7/11;16,7
4/7/11;16,9
5/7/11;17,4
6/7/11;17,1
7/7/11;17,6
8/7/11;17,4
9/7/11;18,4
10/7/11;18,4
11/7/11;18,2
12/7/11;20,3
13/7/11;19,3
14/7/11;19,2
15/7/11;18,5
16/7/11;17,8
17/7/11;18,6
18/7/11;17,5
19/7/11;16,0
20/7/11;15,0
21/7/11;14,8
22/7/11;14,6
23/7/11;14,8
24/7/11;15,7
25/7/11;16,3
26/7/11;17,0
27/7/11;18,1
28/7/11;20,2
29/7/11;19,3
30/7/11;18,7
31/7/11;19,5
1/8/11;18,6
2/8/11;18,4
3/8/11;18,5
4/8/11;18,8
5/8/11;18,6
6/8/11;18,2
7/8/11;18,7
8/8/11;17,6
9/8/11;16,5
10/8/11;17,6
11/8/11;17,2
12/8/11;17,6
13/8/11;18,3
14/8/11;18,8
15/8/11;19,4
16/8/11;20,1
17/8/11;20,9
18/8/11;21,4
19/8/11;21,4
20/8/11;20,8
21/8/11;20,4
22/8/11;19,9
23/8/11;19,8
24/8/11;20,2
25/8/11;19,8
26/8/11;20,1
27/8/11;18,5
28/8/11;17,6
29/8/11;19,0
30/8/11;17,9
31/8/11;18,0
1/9/11;19,5
2/9/11;20,1
3/9/11;20,1
4/9/11;20,1
5/9/11;19,5
6/9/11;18,5
7/9/11;19,0
8/9/11;18,9
9/9/11;18,1
10/9/11;19,1
11/9/11;20,7
12/9/11;21,0
13/9/11;21,2
14/9/11;22,1
15/9/11;22,0
16/9/11;21,0
17/9/11;21,2
18/9/11;19,6
19/9/11;16,8
20/9/11;15,9
21/9/11;16,4
22/9/11;16,0
23/9/11;17,6
24/9/11;18,6
25/9/11;19,3
26/9/11;20,0
27/9/11;19,7
28/9/11;20,0
29/9/11;20,6
30/9/11;20,5
1/10/11;20,7
2/10/11;21,6
3/10/11;22,0
4/10/11;21,5
5/10/11;21,0
6/10/11;21,3
7/10/11;19,6
8/10/11;18,0
9/10/11;17,9
10/10/11;17,5
11/10/11;17,9
12/10/11;17,9
13/10/11;18,3
14/10/11;18,4
15/10/11;19,0
16/10/11;19,0
17/10/11;20,1
18/10/11;20,2
19/10/11;20,0
20/10/11;19,7
21/10/11;19,4
22/10/11;19,2
23/10/11;19,1
24/10/11;18,6
25/10/11;18,9
26/10/11;19,0
27/10/11;19,0
28/10/11;18,8
29/10/11;18,5
30/10/11;18,4
31/10/11;18,5
1/11/11;18,3
2/11/11;18,5
3/11/11;18,6
4/11/11;18,6
5/11/11;18,5
6/11/11;18,5
7/11/11;18,5
8/11/11;18,5
9/11/11;18,5
10/11/11;18,5
11/11/11;18,5
12/11/11;18,5
13/11/11;18,4
14/11/11;18,3
15/11/11;18,4
16/11/11;18,4
17/11/11;18,4
18/11/11;18,3
19/11/11;18,2
20/11/11;18,1
21/11/11;18,0
22/11/11;17,8
23/11/11;17,9
24/11/11;17,9
25/11/11;17,8
26/11/11;17,7
27/11/11;17,7
28/11/11;17,8
29/11/11;17,7
30/11/11;17,7
1/12/11;17,7
2/12/11;17,6
3/12/11;17,5
4/12/11;17,6
5/12/11;17,5
6/12/11;17,3
7/12/11;17,1
8/12/11;16,9
9/12/11;16,8
10/12/11;16,8
11/12/11;16,7
12/12/11;16,7
13/12/11;16,7
14/12/11;16,7
15/12/11;16,6
16/12/11;16,6
17/12/11;16,2
18/12/11;15,8
19/12/11;15,3
20/12/11;15,3
21/12/11;15,2
22/12/11;14,9
23/12/11;15,0
24/12/11;15,5
25/12/11;15,3
26/12/11;15,2
27/12/11;15,3
28/12/11;15,3
29/12/11;15,4
30/12/11;15,2
31/12/11;15,2
1/1/12;15,1
2/1/12;15,0
3/1/12;15,0
4/1/12;15,0
5/1/12;15,0
6/1/12;14,9
7/1/12;14,8
8/1/12;14,8
9/1/12;14,8
10/1/12;15,0
11/1/12;15,0
12/1/12;14,9
13/1/12;14,7
14/1/12;14,7
15/1/12;14,6
16/1/12;14,6
17/1/12;14,5
18/1/12;14,6
19/1/12;14,6
20/1/12;14,6
21/1/12;14,5
22/1/12;14,5
23/1/12;14,4
24/1/12;14,4
25/1/12;14,3
26/1/12;14,3
27/1/12;14,3
28/1/12;14,3
29/1/12;14,3
30/1/12;14,1
31/1/12;14,1
1/2/12;14,0
2/2/12;14,1
3/2/12;14,0
4/2/12;14,0
5/2/12;13,9
6/2/12;13,9
7/2/12;13,8
8/2/12;13,7
9/2/12;13,6
10/2/12;13,6
11/2/12;13,5
12/2/12;13,5
13/2/12;13,5
14/2/12;13,5
15/2/12;13,3
16/2/12;13,2
17/2/12;13,3
18/2/12;13,2
19/2/12;13,1
20/2/12;13,1
21/2/12;13,1
22/2/12;13,1
23/2/12;13,1
24/2/12;13,2
25/2/12;13,2
26/2/12;13,1
27/2/12;13,1
28/2/12;13,2
29/2/12;13,2
1/3/12;13,3
2/3/12;13,3
3/3/12;13,4
4/3/12;13,4
5/3/12;13,4
6/3/12;13,3
7/3/12;13,3
8/3/12;13,2
9/3/12;13,3
10/3/12;13,2
11/3/12;13,3
12/3/12;13,3
13/3/12;13,3
14/3/12;13,3
15/3/12;13,3
16/3/12;13,3
17/3/12;13,3
18/3/12;13,3
19/3/12;13,5
20/3/12;13,4
21/3/12;13,4
22/3/12;13,4
23/3/12;13,4
24/3/12;13,4
25/3/12;13,5
26/3/12;13,5
27/3/12;13,5
28/3/12;13,8
29/3/12;13,8
30/3/12;13,5
31/3/12;13,7
1/4/12;13,8
2/4/12;13,8
3/4/12;14,2
4/4/12;13,8
5/4/12;14,0
6/4/12;14,1
7/4/12;14,5
8/4/12;14,7
9/4/12;13,9
10/4/12;14,2
11/4/12;14,3
12/4/12;13,9
13/4/12;13,9
14/4/12;14,1
15/4/12;13,7
16/4/12;13,5
17/4/12;13,6
18/4/12;14,3
19/4/12;14,1
20/4/12;14,2
21/4/12;14,0
22/4/12;14,0
23/4/12;14,0
24/4/12;14,0
25/4/12;13,7
26/4/12;13,6
27/4/12;13,8
28/4/12;13,5
29/4/12;13,6
30/4/12;13,7
1/5/12;13,8
2/5/12;13,9
3/5/12;14,7
4/5/12;14,8
5/5/12;14,3
6/5/12;14,5
7/5/12;14,6
8/5/12;14,6
9/5/12;15,0
10/5/12;14,8
11/5/12;15,2
12/5/12;15,6
13/5/12;15,1
14/5/12;15,3
15/5/12;15,8
16/5/12;14,9
17/5/12;14,7
18/5/12;15,1
19/5/12;15,2
20/5/12;15,5
21/5/12;15,9
22/5/12;16,3
23/5/12;16,0
24/5/12;16,1
25/5/12;15,9
26/5/12;15,7
27/5/12;15,5
28/5/12;15,6
29/5/12;16,2
30/5/12;16,2
31/5/12;15,8
1/6/12;16,1
2/6/12;16,1
3/6/12;16,3
4/6/12;15,7
5/6/12;15,8
6/6/12;16,2
7/6/12;15,6
8/6/12;16,1
9/6/12;16,9
10/6/12;16,2
11/6/12;16,1
12/6/12;16,1
13/6/12;15,3
14/6/12;15,2
15/6/12;15,3
16/6/12;14,7
17/6/12;15,2
18/6/12;15,7
19/6/12;15,9
20/6/12;16,0
21/6/12;17,1
22/6/12;17,7
23/6/12;17,0
24/6/12;17,2
25/6/12;15,3
26/6/12;15,5
27/6/12;16,0
28/6/12;16,7
29/6/12;18,0
30/6/12;17,7
1/7/12;18,2
2/7/12;17,4
3/7/12;15,8
4/7/12;18,4
5/7/12;18,3
6/7/12;18,5
7/7/12;17,4
8/7/12;18,1
9/7/12;17,6
10/7/12;16,3
11/7/12;16,2
12/7/12;15,7
13/7/12;14,9
14/7/12;15,0
15/7/12;14,4
16/7/12;14,5
17/7/12;14,5
18/7/12;14,7
19/7/12;14,8
20/7/12;15,4
21/7/12;15,6
22/7/12;16,1
23/7/12;16,7
24/7/12;17,3
25/7/12;18,9
26/7/12;17,9
27/7/12;18,1
28/7/12;18,4
29/7/12;19,0
30/7/12;18,0
31/7/12;16,7
1/8/12;17,2
2/8/12;19,4
3/8/12;19,5
4/8/12;20,1
5/8/12;20,5
6/8/12;20,2
7/8/12;18,5
8/8/12;18,6
9/8/12;19,6
10/8/12;18,3
11/8/12;18,7
12/8/12;18,4
13/8/12;18,5
14/8/12;19,3
15/8/12;18,0
16/8/12;18,6
17/8/12;18,9
18/8/12;19,0
19/8/12;18,6
20/8/12;18,4
21/8/12;18,0
22/8/12;18,4
23/8/12;18,8
24/8/12;18,8
25/8/12;19,9
26/8/12;17,1
27/8/12;17,0
28/8/12;19,0
29/8/12;18,9
30/8/12;19,2
31/8/12;17,8
1/9/12;17,3
2/9/12;19,5
3/9/12;20,4
4/9/12;21,9
5/9/12;22,3
6/9/12;22,0
7/9/12;22,5
8/9/12;22,6
9/9/12;22,0
10/9/12;22,2
11/9/12;21,9
12/9/12;20,8
13/9/12;16,7
14/9/12;17,2
15/9/12;19,3
16/9/12;20,5
17/9/12;20,8
18/9/12;21,0
19/9/12;20,1
20/9/12;19,0
21/9/12;20,3
22/9/12;20,0
23/9/12;20,8
24/9/12;21,5
25/9/12;21,5
26/9/12;21,6
27/9/12;21,8
28/9/12;21,2
29/9/12;20,9
30/9/12;21,3
1/10/12;20,4
2/10/12;20,2
3/10/12;20,8
4/10/12;21,1
5/10/12;21,2
6/10/12;21,1
7/10/12;21,2
8/10/12;18,9
9/10/12;
10/10/12;
11/10/12;19,9
12/10/12;21,2
13/10/12;21,0
14/10/12;20,0
15/10/12;21,1
16/10/12;18,8
17/10/12;17,6
18/10/12;18,8
19/10/12;19,4
20/10/12;19,4
21/10/12;19,8
22/10/12;20,1
23/10/12;19,9
24/10/12;19,9
25/10/12;20,1
26/10/12;19,8
27/10/12;20,1
28/10/12;17,9
29/10/12;17,5
30/10/12;18,3
31/10/12;18,0
1/11/12;18,8
2/11/12;18,5
3/11/12;18,4
4/11/12;18,1
5/11/12;18,2
6/11/12;17,9
7/11/12;17,1
8/11/12;17,1
9/11/12;17,5
10/11/12;17,4
11/11/12;17,5
12/11/12;17,5
13/11/12;17,5
14/11/12;17,4
15/11/12;17,5
16/11/12;17,6
17/11/12;17,5
18/11/12;17,4
19/11/12;17,4
20/11/12;17,3
21/11/12;17,2
22/11/12;17,2
23/11/12;17,1
24/11/12;17,2
25/11/12;17,2
26/11/12;17,2
27/11/12;17,1
28/11/12;17,1
29/11/12;17,0
30/11/12;17,0
1/12/12;16,8
2/12/12;16,8
3/12/12;16,7
4/12/12;16,6
5/12/12;16,3
6/12/12;16,2
7/12/12;15,9
8/12/12;15,7
9/12/12;15,5
10/12/12;15,5
11/12/12;15,4
12/12/12;15,4
13/12/12;15,4
14/12/12;15,3
15/12/12;15,4
16/12/12;15,5
17/12/12;15,6
18/12/12;15,7
19/12/12;15,5
20/12/12;15,4
21/12/12;15,3
22/12/12;15,3
23/12/12;15,3
24/12/12;15,2
25/12/12;15,2
26/12/12;15,1
27/12/12;14,9
28/12/12;14,8
29/12/12;14,8
30/12/12;14,8
1/1/13;14,7
2/1/13;14,6
3/1/13;14,6
4/1/13;14,6
5/1/13;14,6
6/1/13;14,6
7/1/13;14,6
8/1/13;14,5
9/1/13;14,5
10/1/13;14,5
11/1/13;14,4
12/1/13;14,3
13/1/13;14,2
14/1/13;14,2
15/1/13;14,1
16/1/13;14,0
17/1/13;13,9
18/1/13;13,8
19/1/13;13,8
20/1/13;13,8
21/1/13;13,7
22/1/13;13,5
23/1/13;13,5
24/1/13;13,6
25/1/13;13,7
26/1/13;13,6
27/1/13;13,4
28/1/13;13,4
29/1/13;13,4
30/1/13;13,4
31/1/13;13,4
1/2/13;13,4
2/2/13;13,4
3/2/13;13,4
4/2/13;13,3
5/2/13;13,4
6/2/13;13,2
7/2/13;13,1
8/2/13;13,1
9/2/13;13,0
10/2/13;13,1
11/2/13;13,1
12/2/13;13,0
13/2/13;13,1
14/2/13;13,2
15/2/13;13,2
16/2/13;13,2
17/2/13;13,2
18/2/13;13,1
19/2/13;13,1
20/2/13;13,2
21/2/13;13,2
22/2/13;13,2
23/2/13;13,1
24/2/13;13,1
25/2/13;13,1
26/2/13;13,0
27/2/13;13,1
28/2/13;13,1
1/3/13;13,0
2/3/13;13,1
3/3/13;13,1
4/3/13;13,2
5/3/13;13,2
6/3/13;13,1
7/3/13;13,2
8/3/13;13,2
9/3/13;13,2
10/3/13;13,2
11/3/13;13,2
12/3/13;13,2
13/3/13;13,2
14/3/13;13,1
15/3/13;13,1
16/3/13;13,1
17/3/13;13,2
18/3/13;13,2
19/3/13;13,2
20/3/13;13,2
21/3/13;13,1
22/3/13;13,1
23/3/13;13,2
24/3/13;13,1
25/3/13;13,1
26/3/13;13,2
27/3/13;13,2
28/3/13;13,2
29/3/13;13,2
30/3/13;13,3
31/3/13;13,4
1/4/13;13,2
2/4/13;13,2
3/4/13;13,3
4/4/13;13,3
5/4/13;13,2
6/4/13;13,2
7/4/13;13,3
8/4/13;13,3
9/4/13;13,4
10/4/13;13,5
11/4/13;13,4
12/4/13;13,6
13/4/13;13,7
14/4/13;13,6
15/4/13;13,6
16/4/13;13,4
17/4/13;13,6
18/4/13;13,7
19/4/13;14,0
20/4/13;14,1
21/4/13;13,7
22/4/13;13,7
23/4/13;13,8
24/4/13;13,8
25/4/13;14,0
26/4/13;14,5
27/4/13;14,4
28/4/13;13,9
29/4/13;14,5
30/4/13;14,7
1/5/13;14,5
2/5/13;14,4
3/5/13;15,2
4/5/13;15,5
5/5/13;15,6
6/5/13;15,5
7/5/13;15,3
8/5/13;15,5
9/5/13;15,6
10/5/13;15,1
11/5/13;14,8
12/5/13;14,5
13/5/13;14,8
14/5/13;14,8
15/5/13;15,3
16/5/13;15,3
17/5/13;15,8
18/5/13;16,8
19/5/13;16,2
20/5/13;15,6
21/5/13;15,1
22/5/13;15,0
23/5/13;14,5
24/5/13;14,5
25/5/13;14,3
26/5/13;14,0
27/5/13;14,0
28/5/13;13,9
29/5/13;14,1
30/5/13;14,1
31/5/13;14,1
1/6/13;14,1
2/6/13;14,0
3/6/13;14,6
4/6/13;14,5
5/6/13;14,9
6/6/13;15,2
7/6/13;15,2
8/6/13;15,1
9/6/13;15,2
10/6/13;14,9
11/6/13;15,0
12/6/13;15,7
13/6/13;15,9
14/6/13;15,5
15/6/13;15,6
16/6/13;15,3
17/6/13;15,2
18/6/13;15,6
19/6/13;15,6
20/6/13;15,5
21/6/13;15,6
22/6/13;16,1
23/6/13;15,5
24/6/13;14,7
25/6/13;15,2
26/6/13;15,3
27/6/13;16,0
28/6/13;15,9
29/6/13;16,2
30/6/13;15,8
1/7/13;15,9
2/7/13;16,3
3/7/13;16,4
4/7/13;16,5
5/7/13;16,0
6/7/13;16,1
7/7/13;16,3
8/7/13;16,4
9/7/13;16,7
10/7/13;16,9
11/7/13;16,4
12/7/13;15,9
13/7/13;
14/7/13;16,3
15/7/13;16,2
16/7/13;16,7
17/7/13;16,4
18/7/13;16,9
19/7/13;17,1
20/7/13;17,2
21/7/13;17,6
22/7/13;17,5
23/7/13;17,9
24/7/13;17,0
25/7/13;16,7
26/7/13;16,9
27/7/13;17,3
28/7/13;17,9
29/7/13;17,8
30/7/13;17,1
31/7/13;17,4
1/8/13;17,4
2/8/13;17,5
3/8/13;17,7
4/8/13;17,8
5/8/13;17,4
6/8/13;17,2
7/8/13;17,7
8/8/13;18,0
9/8/13;19,1
10/8/13;18,4
11/8/13;18,6
12/8/13;19,1
13/8/13;18,8
14/8/13;19,2
15/8/13;20,1
16/8/13;19,7
17/8/13;19,9
18/8/13;19,0
19/8/13;19,0
20/8/13;17,7
21/8/13;18,3
22/8/13;20,0
23/8/13;20,0
24/8/13;19,9
25/8/13;17,7
26/8/13;16,5
27/8/13;17,3
28/8/13;17,0
29/8/13;17,8
30/8/13;18,1
31/8/13;19,0
1/9/13;19,9
2/9/13;19,1
3/9/13;18,9
4/9/13;19,5
5/9/13;19,6
6/9/13;19,1
7/9/13;18,8
8/9/13;19,1
9/9/13;18,0
10/9/13;15,8
11/9/13;14,8
12/9/13;14,4
13/9/13;15,2
14/9/13;16,5
15/9/13;17,1
16/9/13;16,5
17/9/13;15,5
18/9/13;15,7
19/9/13;14,6
20/9/13;14,9
21/9/13;15,8
22/9/13;17,1
23/9/13;19,0
24/9/13;19,7
25/9/13;18,8
26/9/13;18,4
27/9/13;18,2
28/9/13;16,9
29/9/13;17,1
30/9/13;16,2
1/10/13;18,3
2/10/13;17,4
3/10/13;18,1
4/10/13;18,7
5/10/13;19,3
6/10/13;20,1
7/10/13;20,6
8/10/13;19,9
9/10/13;20,0
10/10/13;20,2
11/10/13;19,7
12/10/13;19,0
13/10/13;19,0
14/10/13;18,8
15/10/13;18,4
16/10/13;19,0
17/10/13;18,4
18/10/13;18,5
19/10/13;17,7
20/10/13;17,6
21/10/13;18,0
22/10/13;18,2
23/10/13;18,6
24/10/13;18,6
25/10/13;18,7
26/10/13;18,5
27/10/13;18,6
28/10/13;19,0
29/10/13;19,6
30/10/13;19,3
31/10/13;19,3
1/11/13;19,4
2/11/13;19,5
3/11/13;19,6
4/11/13;19,3
5/11/13;18,6
6/11/13;18,2
7/11/13;18,0
8/11/13;17,9
9/11/13;18,2
10/11/13;18,7
11/11/13;17,2
12/11/13;16,1
13/11/13;15,7
14/11/13;16,5
15/11/13;16,7
16/11/13;16,6
17/11/13;16,6
18/11/13;16,5
19/11/13;16,2
20/11/13;16,5
21/11/13;16,6
22/11/13;16,5
23/11/13;16,5
24/11/13;16,4
25/11/13;16,5
26/11/13;16,4
27/11/13;16,3
28/11/13;16,3
29/11/13;16,2
30/11/13;16,1
1/12/13;16,1
2/12/13;16,2
3/12/13;16,1
4/12/13;16,1
5/12/13;16,1
6/12/13;16,1
7/12/13;16,0
8/12/13;16,0
9/12/13;16,1
10/12/13;16,0
11/12/13;16,0
12/12/13;16,1
13/12/13;16,0
14/12/13;16,0
15/12/13;15,9
16/12/13;15,9
17/12/13;15,8
18/12/13;15,8
19/12/13;15,8
20/12/13;15,8
21/12/13;15,7
22/12/13;15,7
23/12/13;15,7
24/12/13;15,6
25/12/13;15,6
26/12/13;15,4
27/12/13;15,3
28/12/13;15,2
29/12/13;15,1
30/12/13;15,0
31/12/13;15,0
1/1/14;15,0
2/1/14;15,0
3/1/14;15,1
4/1/14;15,0
5/1/14;14,9
6/1/14;14,8
7/1/14;14,8
8/1/14;14,9
9/1/14;14,9
10/1/14;14,9
11/1/14;14,7
12/1/14;14,7
13/1/14;14,9
14/1/14;14,7
15/1/14;14,7
16/1/14;14,7
17/1/14;14,6
18/1/14;14,8
19/1/14;14,8
20/1/14;14,7
21/1/14;14,5
22/1/14;14,6
23/1/14;14,7
24/1/14;14,4
25/1/14;14,8
26/1/14;14,4
27/1/14;14,2
28/1/14;14,2
29/1/14;14,3
30/1/14;14,5
31/1/14;14,5
1/2/14;14,4
2/2/14;14,3
3/2/14;14,4
4/2/14;14,4
5/2/14;14,2
6/2/14;14,2
7/2/14;14,4
8/2/14;14,3
9/2/14;13,9
10/2/14;14,0
11/2/14;14,0
12/2/14;14,0
13/2/14;14,0
14/2/14;13,9
15/2/14;14,0
16/2/14;14,1
17/2/14;14,1
18/2/14;14,2
19/2/14;14,3
20/2/14;14,2
21/2/14;14,2
22/2/14;14,1
23/2/14;14,1
24/2/14;14,2
25/2/14;14,2
26/2/14;14,2
27/2/14;14,1
28/2/14;14,1
1/3/14;14,0
2/3/14;14,1
3/3/14;14,0
4/3/14;13,9
5/3/14;13,9
6/3/14;14,0
7/3/14;14,1
8/3/14;14,2
9/3/14;14,2
10/3/14;14,2
11/3/14;14,2
12/3/14;14,3
13/3/14;14,1
14/3/14;14,2
15/3/14;14,3
16/3/14;14,2
17/3/14;14,3
18/3/14;14,4
19/3/14;14,5
20/3/14;14,5
21/3/14;14,5
22/3/14;14,5
23/3/14;14,5
24/3/14;14,3
25/3/14;14,2
26/3/14;14,1
27/3/14;14,1
28/3/14;14,2
29/3/14;14,2
30/3/14;14,1
31/3/14;14,2
1/4/14;14,3
2/4/14;14,3
3/4/14;14,2
4/4/14;14,3
5/4/14;14,3
6/4/14;14,4
7/4/14;14,4
8/4/14;14,4
9/4/14;14,6
10/4/14;14,7
11/4/14;14,5
12/4/14;14,4
13/4/14;14,3
14/4/14;14,6
15/4/14;14,7
16/4/14;14,9
17/4/14;15,2
18/4/14;15,0
19/4/14;14,9
20/4/14;15,2
21/4/14;14,9
22/4/14;15,1
23/4/14;15,5
24/4/14;15,2
25/4/14;15,5
26/4/14;15,4
27/4/14;15,5
28/4/14;15,2
29/4/14;14,8
30/4/14;15,0
1/5/14;14,9
2/5/14;15,1
3/5/14;15,3
4/5/14;15,4
5/5/14;14,9
6/5/14;14,9
7/5/14;15,3
8/5/14;15,4
9/5/14;15,7
10/5/14;15,8
11/5/14;15,7
12/5/14;15,4
13/5/14;
14/5/14;14,8
15/5/14;14,9
16/5/14;15,2
17/5/14;14,9
18/5/14;15,7
19/5/14;15,8
20/5/14;16,1
21/5/14;16,5
22/5/14;16,5
23/5/14;16,9
24/5/14;17,0
25/5/14;16,8
26/5/14;16,8
27/5/14;17,1
28/5/14;15,8
29/5/14;15,9
30/5/14;16,1
31/5/14;15,5
1/6/14;16,1
2/6/14;16,1
3/6/14;16,4
4/6/14;16,5
5/6/14;16,5
6/6/14;16,6
7/6/14;16,7
8/6/14;16,8
9/6/14;16,7
10/6/14;16,3
11/6/14;16,8
12/6/14;17,1
13/6/14;16,9
14/6/14;16,6
15/6/14;17,2
16/6/14;17,6
17/6/14;17,5
18/6/14;17,8
19/6/14;18,3
20/6/14;17,5
21/6/14;17,4
22/6/14;18,1
23/6/14;18,3
24/6/14;18,4
25/6/14;18,6
26/6/14;19,0
27/6/14;18,6
28/6/14;18,4
29/6/14;18,8
30/6/14;16,8
1/7/14;17,1
2/7/14;18,1
3/7/14;18,2
4/7/14;19,0
5/7/14;21,3
6/7/14;20,4
7/7/14;20,6
8/7/14;19,3
9/7/14;17,6
10/7/14;16,1
11/7/14;16,7
12/7/14;17,0
13/7/14;18,0
14/7/14;17,0
15/7/14;17,6
16/7/14;17,5
17/7/14;18,9
18/7/14;18,2
19/7/14;18,1
20/7/14;18,4
21/7/14;18,2
22/7/14;17,8
23/7/14;17,4
24/7/14;18,7
25/7/14;18,5
26/7/14;18,3
27/7/14;18,2
28/7/14;18,5
29/7/14;17,3
30/7/14;16,3
31/7/14;17,3
1/8/14;17,8
2/8/14;18,5
3/8/14;19,5
4/8/14;19,0
5/8/14;18,3
6/8/14;18,3
7/8/14;19,0
8/8/14;20,4
9/8/14;21,9
10/8/14;21,4
11/8/14;20,6
12/8/14;20,0
13/8/14;19,0
14/8/14;17,4
15/8/14;16,5
16/8/14;16,4
17/8/14;17,0
18/8/14;18,7
19/8/14;20,0
20/8/14;19,6
21/8/14;17,8
22/8/14;17,0
23/8/14;17,9
24/8/14;17,6
25/8/14;17,8
26/8/14;18,5
27/8/14;17,7
28/8/14;17,4
29/8/14;17,7
30/8/14;18,7
31/8/14;18,3
1/9/14;18,8
2/9/14;19,4
3/9/14;20,0
4/9/14;19,8
5/9/14;19,7
6/9/14;19,1
7/9/14;19,0
8/9/14;18,6
9/9/14;18,8
10/9/14;18,5
11/9/14;18,9
12/9/14;19,0
13/9/14;18,5
14/9/14;18,4
15/9/14;18,6
16/9/14;20,4
17/9/14;19,5
18/9/14;20,1
19/9/14;21,3
20/9/14;21,3
21/9/14;22,0
22/9/14;22,6
23/9/14;22,1
24/9/14;21,9
25/9/14;22,1
26/9/14;22,3
27/9/14;22,6
28/9/14;22,2
29/9/14;22,3
30/9/14;22,4
1/10/14;22,3
2/10/14;22,3
3/10/14;22,6
4/10/14;22,3
5/10/14;22,8
6/10/14;22,9
7/10/14;22,8
8/10/14;22,7
9/10/14;22,5
10/10/14;22,3
11/10/14;22,0
12/10/14;22,2
13/10/14;22,0
14/10/14;22,5
15/10/14;22,3
16/10/14;22,4
17/10/14;22,5
18/10/14;22,4
19/10/14;22,3
20/10/14;22,2
21/10/14;22,4
22/10/14;19,6
23/10/14;18,3
24/10/14;19,5
25/10/14;20,7
26/10/14;21,3
27/10/14;21,2
28/10/14;20,9
29/10/14;20,7
30/10/14;20,8
31/10/14;20,8
1/11/14;20,7
2/11/14;20,7
3/11/14;20,7
4/11/14;20,5
5/11/14;20,4
6/11/14;20,3
7/11/14;20,3
8/11/14;20,0
9/11/14;19,7
10/11/14;19,7
11/11/14;19,7
12/11/14;19,6
13/11/14;19,5
14/11/14;19,4
15/11/14;19,7
16/11/14;19,6
17/11/14;19,4
18/11/14;19,3
19/11/14;19,1
20/11/14;19,1
21/11/14;19,0
22/11/14;18,9
23/11/14;18,9
24/11/14;18,8
25/11/14;18,8
26/11/14;18,7
27/11/14;18,7
28/11/14;18,6
29/11/14;18,4
30/11/14;18,4
1/12/14;18,2
2/12/14;18,2
3/12/14;18,3
4/12/14;18,2
5/12/14;18,1
6/12/14;17,8
7/12/14;17,9
8/12/14;17,8
9/12/14;17,7
10/12/14;17,6
11/12/14;17,6
12/12/14;17,5
13/12/14;17,4
14/12/14;17,5
15/12/14;17,5
16/12/14;17,4
17/12/14;17,5
18/12/14;17,4
19/12/14;17,4
20/12/14;17,4
21/12/14;17,3
22/12/14;17,3
23/12/14;17,3
24/12/14;17,2
25/12/14;17,1
26/12/14;17,1
27/12/14;17,0
28/12/14;16,7
29/12/14;16,5
30/12/14;16,4
31/12/14;16,3
1/1/15;16,2
2/1/15;16,2
3/1/15;16,2
4/1/15;16,0
5/1/15;15,9
6/1/15;16,0
7/1/15;15,9
8/1/15;15,9
9/1/15;15,8
10/1/15;15,7
11/1/15;15,6
12/1/15;15,5
13/1/15;15,5
14/1/15;15,4
15/1/15;15,4
16/1/15;15,5
17/1/15;15,4
18/1/15;15,3
19/1/15;15,2
20/1/15;15,2
21/1/15;15,1
22/1/15;15,1
23/1/15;15,0
24/1/15;15,0
25/1/15;15,0
26/1/15;15,0
27/1/15;14,9
28/1/15;14,8
29/1/15;14,8
30/1/15;14,5
31/1/15;14,4
1/2/15;14,3
2/2/15;14,2
3/2/15;14,1
4/2/15;14,1
5/2/15;14,0
6/2/15;14,0
7/2/15;14,0
8/2/15;14,0
9/2/15;14,0
10/2/15;14,0
11/2/15;14,0
12/2/15;14,0
13/2/15;14,0
14/2/15;13,9
15/2/15;13,9
16/2/15;13,8
17/2/15;13,8
18/2/15;13,8
19/2/15;13,8
20/2/15;13,8
21/2/15;13,9
22/2/15;13,8
23/2/15;13,7
24/2/15;13,6
25/2/15;13,5
26/2/15;13,6
27/2/15;13,6
28/2/15;13,6
1/3/15;13,8
2/3/15;13,8
3/3/15;13,8
4/3/15;13,7
5/3/15;13,8
6/3/15;13,8
7/3/15;13,8
8/3/15;13,8
9/3/15;13,8
10/3/15;13,8
11/3/15;13,8
12/3/15;13,8
13/3/15;13,8
14/3/15;13,8
15/3/15;13,8
16/3/15;13,8
17/3/15;13,7
18/3/15;13,7
19/3/15;13,8
20/3/15;13,7
21/3/15;13,7
22/3/15;13,7
23/3/15;13,7
24/3/15;13,7
25/3/15;13,7
26/3/15;13,7
27/3/15;13,7
28/3/15;13,8
29/3/15;13,9
30/3/15;13,9
31/3/15;13,9
1/4/15;13,9
2/4/15;13,8
3/4/15;13,8
4/4/15;13,9
5/4/15;14,0
6/4/15;14,1
7/4/15;14,2
8/4/15;14,2
9/4/15;14,1
10/4/15;14,1
11/4/15;14,2
12/4/15;14,2
13/4/15;14,1
14/4/15;14,1
15/4/15;14,2
16/4/15;14,2
17/4/15;15,0
18/4/15;14,8
19/4/15;14,3
20/4/15;14,6
21/4/15;14,7
22/4/15;14,6
23/4/15;14,6
24/4/15;14,9
25/4/15;15,2
26/4/15;15,1
27/4/15;15,5
28/4/15;14,8
29/4/15;14,7
30/4/15;15,2
1/5/15;15,1
2/5/15;15,2
3/5/15;14,7
4/5/15;14,9
5/5/15;14,7
6/5/15;15,4
7/5/15;15,6
8/5/15;15,3
9/5/15;15,5
10/5/15;15,8
11/5/15;16,4
12/5/15;16,5
13/5/15;16,5
14/5/15;16,2
15/5/15;16,7
16/5/15;15,3
17/5/15;15,7
18/5/15;15,7
19/5/15;15,6
20/5/15;15,9
21/5/15;14,7
22/5/15;15,3
23/5/15;15,6
24/5/15;15,3
25/5/15;15,9
26/5/15;16,5
27/5/15;16,9
28/5/15;17,0
29/5/15;16,7
30/5/15;16,9
31/5/15;16,9
1/6/15;16,9
2/6/15;17,5
3/6/15;17,5
4/6/15;17,2
5/6/15;17,2
6/6/15;16,9
7/6/15;16,9
8/6/15;17,0
9/6/15;17,1
10/6/15;17,2
11/6/15;17,8
12/6/15;17,9
13/6/15;20,3
14/6/15;19,5
15/6/15;19,8
16/6/15;19,5
17/6/15;18,8
18/6/15;18,3
19/6/15;18,4
20/6/15;17,9
21/6/15;17,9
22/6/15;17,9
23/6/15;16,3
24/6/15;15,7
25/6/15;16,3
26/6/15;16,1
27/6/15;17,8
28/6/15;18,8
29/6/15;18,7
30/6/15;19,5
1/7/15;20,5
2/7/15;20,8
3/7/15;20,5
4/7/15;20,3
5/7/15;19,8
6/7/15;18,8
7/7/15;18,9
8/7/15;18,2
9/7/15;17,5
10/7/15;18,9
11/7/15;20,2
12/7/15;20,6
13/7/15;19,6
14/7/15;20,0
15/7/15;20,9
16/7/15;20,1
17/7/15;20,4
18/7/15;19,7
19/7/15;19,6
20/7/15;18,5
21/7/15;17,6
22/7/15;18,3
23/7/15;17,9
24/7/15;17,5
25/7/15;17,3
26/7/15;15,5
27/7/15;15,4
28/7/15;14,5
29/7/15;14,5
30/7/15;14,7
31/7/15;15,4
1/8/15;16,9
2/8/15;18,1
3/8/15;18,9
4/8/15;18,1
5/8/15;18,4
6/8/15;18,3
7/8/15;17,8
8/8/15;17,0
9/8/15;16,2
10/8/15;16,1
11/8/15;16,0
12/8/15;16,7
13/8/15;16,9
14/8/15;17,0
15/8/15;15,7
16/8/15;15,6
17/8/15;15,6
18/8/15;15,9
19/8/15;16,5
20/8/15;17,2
21/8/15;17,5
22/8/15;18,0
23/8/15;19,7
24/8/15;20,8
25/8/15;19,6
26/8/15;18,5
27/8/15;20,6
28/8/15;21,1
29/8/15;21,7
30/8/15;21,9
31/8/15;23,5
1/9/15;22,3
2/9/15;20,4
3/9/15;17,8
4/9/15;17,0
5/9/15;16,4
6/9/15;16,3
7/9/15;16,8
8/9/15;18,0
9/9/15;19,5
10/9/15;20,4
11/9/15;20,8
12/9/15;21,3
13/9/15;21,3
14/9/15;20,9
15/9/15;22,2
16/9/15;21,1
17/9/15;22,2
18/9/15;21,3
19/9/15;20,9
20/9/15;19,4
21/9/15;18,9
22/9/15;20,5
23/9/15;17,5
24/9/15;19,1
25/9/15;19,6
26/9/15;19,9
27/9/15;20,1
28/9/15;20,2
29/9/15;20,2
30/9/15;19,9
1/10/15;19,8
2/10/15;20,1
3/10/15;20,1
4/10/15;20,1
5/10/15;20,5
6/10/15;20,3
7/10/15;20,3
8/10/15;20,2
9/10/15;20,0
10/10/15;19,8
11/10/15;20,0
12/10/15;20,4
13/10/15;20,3
14/10/15;20,3
15/10/15;19,9
16/10/15;19,6
17/10/15;19,4
18/10/15;19,4
19/10/15;19,6
20/10/15;19,5
21/10/15;19,5
22/10/15;19,7
23/10/15;19,8
24/10/15;19,9
25/10/15;19,9
26/10/15;19,4
27/10/15;19,2
28/10/15;18,6
29/10/15;18,7
30/10/15;19,0
31/10/15;18,9
1/11/15;18,0
2/11/15;18,2
3/11/15;18,2
4/11/15;18,2
5/11/15;18,1
6/11/15;18,4
7/11/15;18,4
8/11/15;18,3
9/11/15;18,3
10/11/15;18,2
11/11/15;18,2
12/11/15;18,2
13/11/15;18,2
14/11/15;18,2
15/11/15;18,2
16/11/15;18,1
17/11/15;18,1
18/11/15;18,2
19/11/15;18,1
20/11/15;18,2
21/11/15;17,9
22/11/15;17,3
23/11/15;17,0
24/11/15;16,7
25/11/15;17,0
26/11/15;16,7
27/11/15;16,6
28/11/15;16,6
29/11/15;16,5
30/11/15;16,6
1/12/15;16,5
2/12/15;16,3
3/12/15;16,0
4/12/15;16,1
5/12/15;16,2
6/12/15;16,1
7/12/15;16,1
8/12/15;16,4
9/12/15;16,5
10/12/15;16,6
11/12/15;16,6
12/12/15;16,5
13/12/15;16,5
14/12/15;16,5
15/12/15;16,4
16/12/15;16,4
17/12/15;16,4
18/12/15;16,4
19/12/15;16,4
20/12/15;16,4
21/12/15;16,3
22/12/15;16,3
23/12/15;16,3
24/12/15;16,3
25/12/15;16,2
26/12/15;16,2
27/12/15;16,2
28/12/15;16,1
29/12/15;16,1
30/12/15;16,0
31/12/15;16,0
1/1/16;16,0
2/1/16;15,9
3/1/16;15,8
4/1/16;15,7
5/1/16;15,6
6/1/16;15,4
7/1/16;15,3
8/1/16;15,3
9/1/16;15,3
10/1/16;15,3
11/1/16;15,2
12/1/16;15,1
13/1/16;14,8
14/1/16;14,6
15/1/16;14,5
16/1/16;14,3
17/1/16;14,1
18/1/16;14,0
19/1/16;14,0
20/1/16;14,0
21/1/16;14,0
22/1/16;14,0
23/1/16;14,1
24/1/16;14,1
25/1/16;14,1
26/1/16;14,2
27/1/16;14,2
28/1/16;14,2
29/1/16;14,2
30/1/16;14,2
31/1/16;14,2
1/2/16;14,1
2/2/16;14,1
3/2/16;14,1
4/2/16;13,9
5/2/16;13,8
6/2/16;13,8
7/2/16;13,9
8/2/16;13,8
9/2/16;13,8
10/2/16;13,7
11/2/16;13,7
12/2/16;13,8
13/2/16;13,7
14/2/16;13,7
15/2/16;13,7
16/2/16;13,7
17/2/16;13,7
18/2/16;13,7
19/2/16;13,6
20/2/16;13,6
21/2/16;13,6
22/2/16;13,7
23/2/16;13,7
24/2/16;13,7
25/2/16;13,7
26/2/16;13,7
27/2/16;13,6
28/2/16;13,5
29/2/16;13,6
1/3/16;13,6
2/3/16;13,6
3/3/16;13,6
4/3/16;13,6
5/3/16;13,6
6/3/16;13,5
7/3/16;13,5
8/3/16;13,5
9/3/16;13,5
10/3/16;13,5
11/3/16;13,6
12/3/16;13,6
13/3/16;13,7
14/3/16;13,6
15/3/16;13,7
16/3/16;13,7
17/3/16;13,6
18/3/16;13,6
19/3/16;13,7
20/3/16;13,7
21/3/16;13,7
22/3/16;13,7
23/3/16;13,8
24/3/16;13,7
25/3/16;13,7
26/3/16;13,7
27/3/16;13,8
28/3/16;13,8
29/3/16;13,8
30/3/16;13,8
31/3/16;13,9
1/4/16;13,9
2/4/16;14,0
3/4/16;14,0
4/4/16;14,0
5/4/16;14,1
6/4/16;14,2
7/4/16;14,2
8/4/16;14,4
9/4/16;14,1
10/4/16;14,2
11/4/16;14,6
12/4/16;14,5
13/4/16;14,5
14/4/16;14,3
15/4/16;14,1
16/4/16;14,2
17/4/16;14,7
18/4/16;14,9
19/4/16;14,8
20/4/16;14,7
21/4/16;14,7
22/4/16;14,9
23/4/16;
24/4/16;
25/4/16;
26/4/16;
27/4/16;
28/4/16;
29/4/16;
30/4/16;
1/5/16;
2/5/16;
3/5/16;
4/5/16;
5/5/16;
6/5/16;
7/5/16;
8/5/16;
9/5/16;
10/5/16;
11/5/16;
12/5/16;
13/5/16;
14/5/16;
15/5/16;
16/5/16;
17/5/16;
18/5/16;
19/5/16;
20/5/16;
21/5/16;
22/5/16;
23/5/16;
24/5/16;
25/5/16;
26/5/16;
27/5/16;
28/5/16;
29/5/16;
30/5/16;
31/5/16;
1/6/16;
2/6/16;
3/6/16;
4/6/16;
5/6/16;
6/6/16;
7/6/16;
8/6/16;
9/6/16;
10/6/16;
11/6/16;
12/6/16;
13/6/16;
14/6/16;
15/6/16;
16/6/16;
17/6/16;
18/6/16;
19/6/16;
20/6/16;
21/6/16;
22/6/16;
23/6/16;
24/6/16;
25/6/16;
26/6/16;
27/6/16;
28/6/16;
29/6/16;
30/6/16;
1/7/16;
2/7/16;
3/7/16;
4/7/16;
5/7/16;
6/7/16;
7/7/16;
8/7/16;
9/7/16;
10/7/16;
11/7/16;19,2
12/7/16;18,8
13/7/16;17,9
14/7/16;16,0
15/7/16;17,0
16/7/16;17,2
17/7/16;16,9
18/7/16;17,3
19/7/16;17,4
20/7/16;17,4
21/7/16;17,7
22/7/16;18,7
23/7/16;19,5
24/7/16;20,5
25/7/16;21,2
26/7/16;22,2
27/7/16;22,3
28/7/16;22,0
29/7/16;22,1
30/7/16;21,7
31/7/16;21,3
1/8/16;19,0
2/8/16;19,6
3/8/16;18,9
4/8/16;18,3
5/8/16;17,0
6/8/16;17,3
7/8/16;18,9
8/8/16;18,5
9/8/16;17,6
10/8/16;16,9
11/8/16;17,3
12/8/16;18,3
13/8/16;19,4
14/8/16;20,6
15/8/16;20,1
16/8/16;18,6
17/8/16;18,2
18/8/16;18,7
19/8/16;18,2
20/8/16;18,9
21/8/16;18,9
22/8/16;20,3
23/8/16;20,6
24/8/16;21,0
25/8/16;21,7
26/8/16;22,6
27/8/16;22,0
28/8/16;21,7
29/8/16;19,8
30/8/16;20,0
31/8/16;21,2
1/9/16;21,7
2/9/16;21,4
3/9/16;21,3
4/9/16;22,0
5/9/16;19,4
6/9/16;19,4
7/9/16;19,9
8/9/16;20,3
9/9/16;20,8
10/9/16;22,7
11/9/16;23,4
12/9/16;24,2
13/9/16;24,0
14/9/16;23,5
15/9/16;22,2
16/9/16;22,7
17/9/16;18,3
18/9/16;17,1
19/9/16;18,3
20/9/16;18,6
21/9/16;19,5
22/9/16;19,8
23/9/16;20,6
24/9/16;21,2
25/9/16;21,0
26/9/16;21,3
27/9/16;21,4
28/9/16;21,5
29/9/16;21,7
30/9/16;22,7
1/10/16;22,7
2/10/16;22,4
3/10/16;22,3
4/10/16;21,2
5/10/16;21,2
6/10/16;21,5
7/10/16;21,7
8/10/16;21,1
9/10/16;21,2
10/10/16;20,5
11/10/16;20,7
12/10/16;20,7
13/10/16;20,6
14/10/16;20,0
15/10/16;20,3
16/10/16;20,5
17/10/16;20,5
18/10/16;20,2
19/10/16;20,3
20/10/16;20,1
21/10/16;20,0
22/10/16;20,0
23/10/16;19,8
24/10/16;19,7
25/10/16;19,7
26/10/16;19,9
27/10/16;19,9
28/10/16;19,8
29/10/16;19,8
30/10/16;19,7
31/10/16;19,7
1/11/16;19,5
2/11/16;19,7
3/11/16;19,5
4/11/16;19,4
5/11/16;19,3
6/11/16;19,2
7/11/16;18,8
8/11/16;18,5
9/11/16;18,0
10/11/16;17,7
11/11/16;17,0
12/11/16;16,5
13/11/16;16,7
14/11/16;16,6
15/11/16;16,6
16/11/16;17,0
17/11/16;17,5
18/11/16;17,6
19/11/16;17,3
20/11/16;17,4
21/11/16;17,1
22/11/16;17,2
23/11/16;17,1
24/11/16;17,3
25/11/16;17,4
26/11/16;17,2
27/11/16;17,3
28/11/16;17,2
29/11/16;17,1
30/11/16;17,0
1/12/16;16,9
2/12/16;16,6
3/12/16;16,8
4/12/16;16,9
5/12/16;16,7
6/12/16;16,6
7/12/16;16,4
8/12/16;16,5
9/12/16;16,5
10/12/16;16,6
11/12/16;16,6
12/12/16;16,4
13/12/16;16,4
14/12/16;16,4
15/12/16;16,4
16/12/16;16,4
17/12/16;16,4
18/12/16;16,3
19/12/16;16,2
20/12/16;16,0
21/12/16;15,9
22/12/16;16,0
23/12/16;15,9
24/12/16;15,8
25/12/16;15,8
26/12/16;15,8
27/12/16;15,7
28/12/16;15,6
29/12/16;15,6
30/12/16;15,6
1/1/17;15,6
2/1/17;15,5
3/1/17;15,5
4/1/17;15,4
5/1/17;15,3
6/1/17;15,2
7/1/17;15,2
8/1/17;15,2
9/1/17;15,2
10/1/17;15,1
11/1/17;15,0
12/1/17;15,0
13/1/17;14,9
14/1/17;14,7
15/1/17;14,6
16/1/17;14,6
17/1/17;14,5
18/1/17;14,4
19/1/17;14,3
20/1/17;14,3
21/1/17;14,2
22/1/17;14,1
23/1/17;14,0
24/1/17;13,9
25/1/17;13,9
26/1/17;13,8
27/1/17;13,9
28/1/17;13,9
29/1/17;13,9
30/1/17;13,9
31/1/17;13,9
1/2/17;13,9
2/2/17;13,8
3/2/17;13,8
4/2/17;13,8
5/2/17;13,8
6/2/17;13,8
7/2/17;13,8
8/2/17;13,8
9/2/17;13,7
10/2/17;13,7
11/2/17;13,6
12/2/17;13,5
13/2/17;13,6
14/2/17;13,6
15/2/17;13,7
16/2/17;13,7
17/2/17;13,7
18/2/17;13,7
19/2/17;13,7
20/2/17;13,7
21/2/17;13,7
22/2/17;13,7
23/2/17;13,7
24/2/17;13,7
25/2/17;13,6
26/2/17;13,7
27/2/17;13,7
28/2/17;13,7
1/3/17;13,6
2/3/17;13,7
3/3/17;13,7
4/3/17;13,7
5/3/17;13,6
6/3/17;13,6
7/3/17;13,5
8/3/17;13,5
9/3/17;13,5
10/3/17;13,6
11/3/17;13,8
12/3/17;13,8
13/3/17;13,7
14/3/17;13,7
15/3/17;13,7
16/3/17;13,8
17/3/17;13,9
18/3/17;14,0
19/3/17;13,9
20/3/17;13,9
21/3/17;14,0
22/3/17;14,1
23/3/17;14,0
24/3/17;13,9
25/3/17;14,0
26/3/17;14,1
27/3/17;14,2
28/3/17;14,2
29/3/17;14,3
30/3/17;14,3
31/3/17;14,3
1/4/17;14,3
2/4/17;14,3
3/4/17;14,3
4/4/17;14,3
5/4/17;14,4
6/4/17;14,5
7/4/17;14,6
8/4/17;14,8
9/4/17;14,7
10/4/17;14,9
11/4/17;14,9
12/4/17;15,1
13/4/17;15,0
14/4/17;14,9
15/4/17;15,3
16/4/17;14,8
17/4/17;14,9
18/4/17;15,2
19/4/17;15,0
20/4/17;15,1
21/4/17;15,2
22/4/17;15,2
23/4/17;14,9
24/4/17;15,0
25/4/17;15,3
26/4/17;15,4
27/4/17;15,3
28/4/17;15,2
29/4/17;14,5
30/4/17;14,8
1/5/17;15,0
2/5/17;15,0
3/5/17;14,9
4/5/17;15,1
5/5/17;15,1
6/5/17;14,9
7/5/17;15,3
8/5/17;15,1
9/5/17;15,2
10/5/17;15,3
11/5/17;15,1
12/5/17;15,4
13/5/17;15,7
14/5/17;15,7
15/5/17;15,8
16/5/17;16,0
17/5/17;16,3
18/5/17;16,3
19/5/17;16,6
20/5/17;16,8
21/5/17;15,7
22/5/17;16,3
23/5/17;16,1
24/5/17;16,2
25/5/17;15,9
26/5/17;16,6
27/5/17;16,1
28/5/17;16,1
29/5/17;16,5
30/5/17;16,6
31/5/17;16,6
1/6/17;16,5
2/6/17;16,5
3/6/17;16,6
4/6/17;16,1
5/6/17;16,2
6/6/17;16,6
7/6/17;15,4
8/6/17;15,4
9/6/17;16,5
10/6/17;16,1
11/6/17;16,4
12/6/17;16,0
13/6/17;16,3
14/6/17;16,6
15/6/17;16,8
16/6/17;16,9
17/6/17;17,5
18/6/17;18,0
19/6/17;19,2
20/6/17;18,1
21/6/17;18,0
22/6/17;18,0
23/6/17;17,0
24/6/17;17,4
25/6/17;16,4
26/6/17;16,2
27/6/17;17,6
28/6/17;17,5
29/6/17;15,9
30/6/17;15,9
1/7/17;15,2
2/7/17;14,6
3/7/17;14,5
4/7/17;14,7
5/7/17;15,4
6/7/17;15,3
7/7/17;15,8
8/7/17;16,5
9/7/17;17,3
10/7/17;17,6
11/7/17;17,2
12/7/17;17,3
13/7/17;16,0
14/7/17;16,1
15/7/17;17,4
16/7/17;19,0
17/7/17;20,4
18/7/17;20,8
19/7/17;21,3
20/7/17;21,0
21/7/17;20,1
22/7/17;21,0
23/7/17;21,3
24/7/17;19,1
25/7/17;17,1
26/7/17;17,5
27/7/17;18,1
28/7/17;18,0
29/7/17;17,7
30/7/17;18,9
31/7/17;20,0
1/8/17;21,2
2/8/17;23,9
3/8/17;25,0
4/8/17;25,0
5/8/17;24,1
6/8/17;22,9
7/8/17;21,7
8/8/17;22,6
9/8/17;20,5
10/8/17;19,2
11/8/17;16,2
12/8/17;15,7
13/8/17;16,6
14/8/17;17,3
15/8/17;17,5
16/8/17;17,6
17/8/17;17,5
18/8/17;17,5
19/8/17;17,5
20/8/17;17,3
21/8/17;17,9
22/8/17;18,0
23/8/17;18,1
24/8/17;17,9
25/8/17;18,0
26/8/17;18,5
27/8/17;18,3
28/8/17;18,1
29/8/17;18,5
30/8/17;18,6
31/8/17;18,2
1/9/17;17,5
2/9/17;16,1
3/9/17;15,2
4/9/17;16,0
5/9/17;16,1
6/9/17;17,0
7/9/17;17,3
8/9/17;17,8
9/9/17;18,0
10/9/17;16,8
11/9/17;18,6
12/9/17;17,0
13/9/17;16,0
14/9/17;17,1
15/9/17;17,1
16/9/17;17,9
17/9/17;17,1
18/9/17;16,1
19/9/17;16,6
20/9/17;15,1
21/9/17;15,7
22/9/17;16,1
23/9/17;16,9
24/9/17;16,9
25/9/17;18,1
26/9/17;18,3
27/9/17;18,0
28/9/17;18,4
29/9/17;19,1
30/9/17;19,2
1/10/17;19,2
2/10/17;19,5
3/10/17;19,1
4/10/17;19,0
5/10/17;20,0
6/10/17;19,5
7/10/17;19,4
8/10/17;18,6
9/10/17;19,2
10/10/17;19,6
11/10/17;19,7
12/10/17;19,5
13/10/17;19,3
14/10/17;19,6
15/10/17;19,8
16/10/17;19,4
17/10/17;19,6
18/10/17;19,9
19/10/17;19,5
20/10/17;19,4
21/10/17;19,6
22/10/17;19,9
23/10/17;19,1
24/10/17;18,3
25/10/17;18,5
26/10/17;18,4
27/10/17;17,8
28/10/17;18,1
29/10/17;18,2
30/10/17;18,2
31/10/17;18,8
1/11/17;18,4
2/11/17;18,5
3/11/17;19,1
4/11/17;19,0
5/11/17;18,8
6/11/17;18,4
7/11/17;17,8
8/11/17;18,3
9/11/17;18,0
10/11/17;17,8
11/11/17;17,9
12/11/17;17,8
13/11/17;17,5
14/11/17;17,1
15/11/17;17,0
16/11/17;17,0
17/11/17;17,1
18/11/17;17,2
19/11/17;17,1
20/11/17;17,0
21/11/17;17,0
22/11/17;17,0
23/11/17;16,9
24/11/17;16,9
25/11/17;16,8
26/11/17;16,6
27/11/17;16,2
28/11/17;16,0
29/11/17;16,0
30/11/17;16,0
1/12/17;15,7
2/12/17;15,5
3/12/17;15,5
4/12/17;15,5
5/12/17;15,6
6/12/17;15,7
7/12/17;15,5
8/12/17;15,5
9/12/17;15,3
10/12/17;15,0
11/12/17;15,0
12/12/17;15,0
13/12/17;14,9
14/12/17;14,9
15/12/17;14,7
16/12/17;14,6
17/12/17;14,5
18/12/17;14,4
19/12/17;14,3
20/12/17;14,5
21/12/17;14,4
22/12/17;14,4
23/12/17;14,4
24/12/17;14,4
25/12/17;14,4
26/12/17;14,5
27/12/17;14,4
28/12/17;14,1
29/12/17;14,0
30/12/17;14,0
31/12/17;14,1
1/1/18;14,1
2/1/18;13,9
3/1/18;13,9
4/1/18;14,0
5/1/18;14,0
6/1/18;14,0
7/1/18;13,9
8/1/18;14,0
9/1/18;14,0
10/1/18;14,0
11/1/18;14,0
12/1/18;14,0
13/1/18;14,0
14/1/18;13,9
15/1/18;13,9
16/1/18;13,9
17/1/18;13,7
18/1/18;13,6
19/1/18;13,6
20/1/18;13,7
21/1/18;13,7
22/1/18;13,5
23/1/18;13,4
24/1/18;13,6
25/1/18;13,6
26/1/18;13,6
27/1/18;13,6
28/1/18;13,7
29/1/18;13,7
30/1/18;13,7
31/1/18;13,7
1/2/18;13,7
2/2/18;13,7
3/2/18;13,6
4/2/18;13,5
5/2/18;13,5
6/2/18;13,4
7/2/18;13,5
8/2/18;13,6
9/2/18;13,6
10/2/18;13,5
11/2/18;13,5
12/2/18;13,5
13/2/18;13,4
14/2/18;13,5
15/2/18;13,4
16/2/18;13,5
17/2/18;13,5
18/2/18;13,5
19/2/18;13,5
20/2/18;13,5
21/2/18;13,4
22/2/18;13,4
23/2/18;13,4
24/2/18;13,4
25/2/18;13,3
26/2/18;13,3
27/2/18;13,2
28/2/18;13,2
1/3/18;13,2
2/3/18;13,1
3/3/18;13,2
4/3/18;13,2
5/3/18;13,2
6/3/18;13,2
7/3/18;13,2
8/3/18;13,2
9/3/18;13,2
10/3/18;13,2
11/3/18;13,2
12/3/18;13,3
13/3/18;13,2
14/3/18;13,2
15/3/18;13,2
16/3/18;13,2
17/3/18;13,3
18/3/18;13,4
19/3/18;13,3
20/3/18;13,2
21/3/18;13,2
22/3/18;13,2
23/3/18;13,2
24/3/18;13,3
25/3/18;13,4
26/3/18;13,4
27/3/18;13,4
28/3/18;13,3
29/3/18;13,4
30/3/18;13,5
31/3/18;13,4
1/4/18;13,4
2/4/18;13,4
3/4/18;13,4
4/4/18;13,5
5/4/18;13,5
6/4/18;13,6
7/4/18;13,5
8/4/18;13,5
9/4/18;13,5
10/4/18;13,6
11/4/18;13,6
12/4/18;13,6
13/4/18;13,7
14/4/18;13,7
15/4/18;13,8
16/4/18;13,9
17/4/18;13,9
18/4/18;14,0
19/4/18;14,1
20/4/18;14,1
21/4/18;14,3
22/4/18;14,3
23/4/18;14,4
24/4/18;14,4
25/4/18;14,6
26/4/18;14,4
27/4/18;14,5
28/4/18;14,8
29/4/18;14,6
30/4/18;14,6
1/5/18;15,3
2/5/18;15,6
3/5/18;15,2
4/5/18;15,1
5/5/18;15,1
6/5/18;14,9
7/5/18;15,3
8/5/18;15,4
9/5/18;15,6
10/5/18;15,3
11/5/18;14,8
12/5/18;15,1
13/5/18;15,8
14/5/18;14,9
15/5/18;15,4
16/5/18;15,0
17/5/18;15,3
18/5/18;15,4
19/5/18;15,2
20/5/18;15,9
21/5/18;16,7
22/5/18;17,4
23/5/18;17,1
24/5/18;15,8
25/5/18;16,2
26/5/18;16,1
27/5/18;16,4
28/5/18;16,8
29/5/18;17,3
30/5/18;18,6
31/5/18;18,5
1/6/18;17,8
2/6/18;16,5
3/6/18;16,4
4/6/18;17,0
5/6/18;16,9
6/6/18;16,4
7/6/18;16,5
8/6/18;17,2
9/6/18;16,4
10/6/18;16,4
11/6/18;16,3
12/6/18;16,0
13/6/18;15,1
14/6/18;15,5
15/6/18;15,6
16/6/18;15,7
17/6/18;15,6
18/6/18;16,1
19/6/18;15,9
20/6/18;16,3
21/6/18;16,4
22/6/18;15,5
23/6/18;16,6
24/6/18;17,3
25/6/18;17,3
26/6/18;17,3
27/6/18;17,6
28/6/18;17,3
29/6/18;17,6
30/6/18;17,3
1/7/18;17,2
2/7/18;17,5
3/7/18;18,1
4/7/18;18,2
5/7/18;18,1
6/7/18;17,0
7/7/18;17,5
8/7/18;18,2
9/7/18;18,7
10/7/18;18,7
11/7/18;
12/7/18;17,5
13/7/18;16,9
14/7/18;17,6
15/7/18;19,3
16/7/18;18,1
17/7/18;17,7
18/7/18;18,3
19/7/18;18,4
20/7/18;17,8
21/7/18;18,3
22/7/18;17,0
23/7/18;16,6
24/7/18;17,4
25/7/18;17,0
26/7/18;17,4
27/7/18;17,4
28/7/18;18,0
29/7/18;17,3
30/7/18;17,4
31/7/18;17,8
1/8/18;17,8
2/8/18;17,8
3/8/18;18,4
4/8/18;18,4
5/8/18;18,4
6/8/18;18,0
7/8/18;18,4
8/8/18;17,7
9/8/18;18,2
10/8/18;17,6
11/8/18;16,5
12/8/18;16,1
13/8/18;16,1
14/8/18;16,3
15/8/18;17,1
16/8/18;17,7
17/8/18;17,7
18/8/18;18,4
19/8/18;19,8
20/8/18;19,7
21/8/18;18,5
22/8/18;19,9
23/8/18;18,8
24/8/18;18,0
25/8/18;16,8
26/8/18;16,0
27/8/18;16,9
28/8/18;18,4
29/8/18;19,5
30/8/18;19,4
31/8/18;16,8
1/9/18;16,6
2/9/18;17,5
3/9/18;19,9
4/9/18;20,6
5/9/18;20,1
6/9/18;19,0
7/9/18;18,2
8/9/18;18,8
9/9/18;20,8
10/9/18;20,9
11/9/18;19,4
12/9/18;19,7
13/9/18;18,0
14/9/18;17,8
15/9/18;17,9
16/9/18;18,9
17/9/18;19,8
18/9/18;19,1
19/9/18;19,2
20/9/18;18,8
21/9/18;19,9
22/9/18;18,2
23/9/18;18,9
24/9/18;19,3
25/9/18;20,6
26/9/18;22,0
27/9/18;21,9
28/9/18;22,8
29/9/18;22,5
30/9/18;22,9
1/10/18;22,7
2/10/18;21,9
3/10/18;22,1
4/10/18;22,3
5/10/18;22,4
6/10/18;22,2
7/10/18;21,8
8/10/18;21,2
9/10/18;20,9
10/10/18;20,8
11/10/18;21,1
12/10/18;20,7
13/10/18;20,8
14/10/18;20,8
15/10/18;20,8
16/10/18;21,0
17/10/18;21,0
18/10/18;20,9
19/10/18;20,9
20/10/18;21,0
21/10/18;20,9
22/10/18;20,6
23/10/18;20,6
24/10/18;20,6
25/10/18;20,7
26/10/18;20,8
27/10/18;20,7
28/10/18;20,7
29/10/18;20,5
30/10/18;20,2
31/10/18;20,0
1/11/18;20,1
2/11/18;19,9
3/11/18;19,7
4/11/18;19,7
5/11/18;19,6
6/11/18;19,5
7/11/18;19,5
8/11/18;19,3
9/11/18;19,2
10/11/18;19,3
11/11/18;19,4
12/11/18;19,4
13/11/18;19,4
14/11/18;19,5
15/11/18;19,5
16/11/18;19,5
17/11/18;19,3
18/11/18;19,0
19/11/18;18,8
20/11/18;18,6
21/11/18;18,2
22/11/18;18,0
23/11/18;18,0
24/11/18;18,0
25/11/18;17,9
26/11/18;17,8
27/11/18;17,7
28/11/18;17,6
29/11/18;17,9
30/11/18;17,8
1/12/18;17,5
2/12/18;17,8
3/12/18;17,8
4/12/18;17,7
5/12/18;17,5
6/12/18;17,3
7/12/18;17,3
8/12/18;17,2
9/12/18;16,9
10/12/18;16,8
11/12/18;16,6
12/12/18;16,6
13/12/18;16,6
14/12/18;16,5
15/12/18;16,5
16/12/18;16,4
17/12/18;16,4
18/12/18;16,4
19/12/18;16,3
20/12/18;16,2
21/12/18;16,2
22/12/18;16,2
23/12/18;16,1
24/12/18;15,9
25/12/18;16,0
26/12/18;16,0
27/12/18;16,0
28/12/18;16,0
29/12/18;15,9
30/12/18;15,9
31/12/18;15,9
1/1/19;15,9
2/1/19;15,8
3/1/19;15,7
4/1/19;15,7
5/1/19;15,7
6/1/19;15,7
7/1/19;15,6
8/1/19;15,6
9/1/19;15,4
10/1/19;15,3
11/1/19;15,2
12/1/19;15,1
13/1/19;15,0
14/1/19;15,0
15/1/19;14,8
16/1/19;14,8
17/1/19;14,8
18/1/19;14,7
19/1/19;14,6
20/1/19;14,6
21/1/19;14,5
22/1/19;14,5
23/1/19;14,4
24/1/19;14,3
25/1/19;14,2
26/1/19;14,2
27/1/19;14,1
28/1/19;14,0
29/1/19;13,9
30/1/19;13,8
31/1/19;13,8
1/2/19;13,8
2/2/19;13,7
3/2/19;13,7
4/2/19;13,6
5/2/19;13,7
6/2/19;13,7
7/2/19;13,7
8/2/19;13,7
9/2/19;13,7
10/2/19;13,7
11/2/19;13,6
12/2/19;13,5
13/2/19;13,5
14/2/19;13,6
15/2/19;13,6
16/2/19;13,6
17/2/19;13,6
18/2/19;13,5
19/2/19;13,6
20/2/19;13,6
21/2/19;13,7
22/2/19;13,6
23/2/19;13,6
24/2/19;13,6
25/2/19;13,6
26/2/19;13,7
27/2/19;13,7
28/2/19;13,8
1/3/19;13,7
2/3/19;13,7
3/3/19;13,7
4/3/19;13,7
5/3/19;13,7
6/3/19;13,7
7/3/19;13,7
8/3/19;13,8
9/3/19;13,7
10/3/19;13,7
11/3/19;13,7
12/3/19;13,6
13/3/19;13,6
14/3/19;13,5
15/3/19;13,5
16/3/19;13,5
17/3/19;13,6
18/3/19;13,6
19/3/19;13,5
20/3/19;13,5
21/3/19;13,5
22/3/19;13,6
23/3/19;13,7
24/3/19;13,8
25/3/19;13,8
26/3/19;13,7
27/3/19;13,7
28/3/19;13,6
29/3/19;13,8
30/3/19;13,9
31/3/19;13,9
1/4/19;14,0
2/4/19;14,2
3/4/19;14,0
4/4/19;14,1
5/4/19;14,0
6/4/19;13,8
7/4/19;13,7
8/4/19;13,7
9/4/19;13,8
10/4/19;13,7
11/4/19;13,7
12/4/19;13,7
13/4/19;13,7
14/4/19;13,9
15/4/19;13,7
16/4/19;13,8
17/4/19;13,9
18/4/19;13,9
19/4/19;14,0
20/4/19;14,2
21/4/19;14,3
22/4/19;14,4
23/4/19;14,3
24/4/19;14,4
25/4/19;14,4
26/4/19;14,6
27/4/19;14,8
28/4/19;14,7
29/4/19;14,5
30/4/19;14,5
1/5/19;14,5
2/5/19;14,5
3/5/19;14,8
4/5/19;14,5
5/5/19;14,8
6/5/19;14,1
7/5/19;14,5
8/5/19;14,5
9/5/19;14,8
10/5/19;14,7
11/5/19;14,7
12/5/19;14,8
13/5/19;14,8
14/5/19;14,8
15/5/19;15,0
16/5/19;15,7
17/5/19;15,4
18/5/19;15,6
19/5/19;15,5
20/5/19;15,6
21/5/19;15,7
22/5/19;15,4
23/5/19;15,7
24/5/19;16,1
25/5/19;15,9
26/5/19;15,4
27/5/19;15,4
28/5/19;15,9
29/5/19;15,4
30/5/19;16,0
31/5/19;16,0
1/6/19;15,7
2/6/19;15,7
3/6/19;15,9
4/6/19;16,0
5/6/19;15,9
6/6/19;16,2
7/6/19;15,8
8/6/19;16,4
9/6/19;16,2
10/6/19;17,3
11/6/19;16,7
12/6/19;16,9
13/6/19;16,5
14/6/19;17,3
15/6/19;18,3
16/6/19;18,3
17/6/19;18,7
18/6/19;17,6
19/6/19;17,4
20/6/19;16,6
21/6/19;16,9
22/6/19;16,8
23/6/19;16,8
24/6/19;17,1
25/6/19;17,3
26/6/19;17,7
27/6/19;17,2
28/6/19;16,7
29/6/19;17,3
30/6/19;17,0
1/7/19;17,2
2/7/19;17,9
3/7/19;17,9
4/7/19;17,6
5/7/19;17,5
6/7/19;16,9
7/7/19;17,0
8/7/19;16,5
9/7/19;16,5
10/7/19;16,5
11/7/19;16,8
12/7/19;16,7
13/7/19;16,6
14/7/19;17,0
15/7/19;17,5
16/7/19;17,3
17/7/19;17,6
18/7/19;18,2
19/7/19;19,4
20/7/19;18,3
21/7/19;18,3
22/7/19;18,9
23/7/19;19,4
24/7/19;20,7